Tannic acid|C1=C(C=C(C(=C1O)O)O)C(=O)OC2=CC(=CC(=C2O)O)C(=O)OCC3C(C(C(C(O3)OC(=O)C4=CC(=C(C(=C4)OC(=O)C5=CC(=C(C(=C5)O)O)O)O)O)OC(=O)C6=CC(=C(C(=C6)OC(=O)C7=CC(=C(C(=C7)O)O)O)O)O)OC(=O)C8=CC(=C(C(=C8)OC(=O)C9=CC(=C(C(=C9)O)O)O)O)O)OC(=O)C1=CC(=C(C(=C1)OC(=O)C1=CC(=C(C(=C1)O)O)O)O)O
Docosanol|CCCCCCCCCCCCCCCCCCCCCCO
Afzelin|CC1C(C(C(C(O1)OC2=C(OC3=CC(=CC(=C3C2=O)O)O)C4=CC=C(C=C4)O)O)O)O
4-Hydroxycinnamic acid|C1=CC(=CC=C1C=CC(=O)O)O
beta-Sitosterol|CCC(CCC(C)C1CCC2C1(CCC3C2CC=C4C3(CCC(C4)O)C)C)C(C)C
Stigmasterol|CCC(C=CC(C)C1CCC2C1(CCC3C2CC=C4C3(CCC(C4)O)C)C)C(C)C
kaempferol 7-O-glucoside|C1=CC(=CC=C1C2=C(C(=O)C3=C(C=C(C=C3O2)OC4C(C(C(C(O4)CO)O)O)O)O)O)O
D-Pinitol|COC1C(C(C(C(C1O)O)O)O)O
Bilobol|CCCCCCC=CCCCCCCCC1=CC(=CC(=C1)O)O
Proanthocyanidin|COC1=C(C=C(C=C1O)C2C(CC3=C(O2)C(=C(C=C3O)O)C4C(C(OC5=CC(=CC(=C45)O)O)C6=CC=C(C=C6)O)O)O)O
1'-OH-gamma-carotene glucoside/(Carotenoids B-G)|
6-Hydroxykynurenic acid|C1=CC2=C(C=C1O)C(=O)C=C(N2)C(=O)O
Zeatin riboside|CC(=CCNC1=C2C(=NC=N1)N(C=N2)C3C(C(C(O3)CO)O)O)CO
beta-D-Xylopyranose|C1C(C(C(C(O1)O)O)O)O
D-Glucuronic Acid|C1(C(C(OC(C1O)O)C(=O)O)O)O
Kaempferol|C1=CC(=CC=C1C2=C(C(=O)C3=C(C=C(C=C3O2)O)O)O)O
Ginkgetin|COC1=C(C=C(C=C1)C2=CC(=O)C3=C(C=C(C=C3O2)OC)O)C4=C(C=C(C5=C4OC(=CC5=O)C6=CC=C(C=C6)O)O)O
Acacetin|COC1=CC=C(C=C1)C2=CC(=O)C3=C(C=C(C=C3O2)O)O
Quercetin|C1=CC(=C(C=C1C2=C(C(=O)C3=C(C=C(C=C3O2)O)O)O)O)O
Apigenin|C1=CC(=CC=C1C2=CC(=O)C3=C(C=C(C=C3O2)O)O)O
Bilobetin|COC1=C(C=C(C=C1)C2=CC(=O)C3=C(C=C(C=C3O2)O)O)C4=C(C=C(C5=C4OC(=CC5=O)C6=CC=C(C=C6)O)O)O
Isoginkgetin|COC1=CC=C(C=C1)C2=CC(=O)C3=C(O2)C(=C(C=C3O)O)C4=C(C=CC(=C4)C5=CC(=O)C6=C(C=C(C=C6O5)O)O)OC
Genkwanin|COC1=CC(=C2C(=C1)OC(=CC2=O)C3=CC=C(C=C3)O)O
Morin|C1=CC(=C(C=C1O)O)C2=C(C(=O)C3=C(C=C(C=C3O2)O)O)O
Myricetin|C1=C(C=C(C(=C1O)O)O)C2=C(C(=O)C3=C(C=C(C=C3O2)O)O)O
Sciadopitysin|COC1=CC=C(C=C1)C2=CC(=O)C3=C(O2)C(=C(C=C3O)O)C4=C(C=CC(=C4)C5=CC(=O)C6=C(C=C(C=C6O5)OC)O)OC
Ginkgolic acid|CCCCCCC=CCCCCCCCC1=C(C(=CC=C1)O)C(=O)O
Amentoflavone|C1=CC(=CC=C1C2=CC(=O)C3=C(O2)C(=C(C=C3O)O)C4=C(C=CC(=C4)C5=CC(=O)C6=C(C=C(C=C6O5)O)O)O)O
Ginkgolide A, analytical standard|CC1C(=O)OC2C1(C34C(=O)OC5C3(C2)C6(C(C5)C(C)(C)C)C(C(=O)OC6O4)O)O
(1S,3R,6R,7S,8S,10R,11R,12S,13S,16S,17R)-8-tert-butyl-6,12,17-trihydroxy-16-methyl-2,4,14,19-tetraoxahexacyclo[8.7.2.01,11.03,7.07,11.013,17]nonadecane-5,15,18-trione|
(1R,6R,7S,8S,9R,10S,11R,12R,13S,16S,17R)-8-tert-butyl-6,9,12,17-tetrahydroxy-16-methyl-2,4,14,19-tetraoxahexacyclo[8.7.2.01,11.03,7.07,11.013,17]nonadecane-5,15,18-trione|
(1R,3S,6R,7R,8R,9S,10S,11S,13R,16R,17S)-8-tert-butyl-6,9,17-trihydroxy-16-methyl-2,4,14,19-tetraoxahexacyclo[8.7.2.01,11.03,7.07,11.013,17]nonadecane-5,15,18-trione|
Shikimic acid|C1C(C(C(C=C1C(=O)O)O)O)O
(-)-Bilobalide|CC(C)(C)C1(CC2C3(C14C(C(=O)OC4OC3=O)O)CC(=O)O2)O
Bilobalide|CC(C)(C)C1(CC2C3(C14C(C(=O)OC4OC3=O)O)CC(=O)O2)O
Naringetol|C1C(OC2=CC(=CC(=C2C1=O)O)O)C3=CC=C(C=C3)O
(2S,3R,4R)-2,3,4,5-tetrahydroxypentanal|C(C(C(C(C=O)O)O)O)O
Apigenin 7,4'-dimethyl ether|COC1=CC=C(C=C1)C2=CC(=O)C3=C(C=C(C=C3O2)OC)O
Nicotiflorin|CC1C(C(C(C(O1)OCC2C(C(C(C(O2)OC3=C(OC4=CC(=CC(=C4C3=O)O)O)C5=CC=C(C=C5)O)O)O)O)O)O)O
D-Galactose|C(C1C(C(C(C(O1)O)O)O)O)O
Narcissin|CC1C(C(C(C(O1)OCC2C(C(C(C(O2)OC3=C(OC4=CC(=CC(=C4C3=O)O)O)C5=CC(=C(C=C5)O)OC)O)O)O)O)O)O
D-Glucose|C(C1C(C(C(C(O1)O)O)O)O)O
5,7-dihydroxy-2-(4-hydroxy-3-methoxyphenyl)-4-oxo-4H-chromen-3-yl 6-O-(6-deoxy-alpha-D-mannopyranosyl)-beta-D-glucopyranoside|
Rutin|CC1C(C(C(C(O1)OCC2C(C(C(C(O2)OC3=C(OC4=CC(=CC(=C4C3=O)O)O)C5=CC(=C(C=C5)O)O)O)O)O)O)O)O
L-Rhamnose|CC1C(C(C(C(O1)O)O)O)O
Benzoic acid, 2,4-dihydroxy-6-tridecyl-|CCCCCCCCCCCCCC1=C(C(=CC(=C1)O)O)C(=O)O
(5S)-2-methyl-5-[5-(2-methylpropyl)furan-3-yl]cyclohex-2-en-1-one|
Cardanol|C=CCC=CCC=CCCCCCCCC1=CC(=CC=C1)O
Myristic acid|CCCCCCCCCCCCCC(=O)O
Pyruvic acid|CC(=O)C(=O)O
Tetracosanoic acid|CCCCCCCCCCCCCCCCCCCCCCCC(=O)O
Procyanidin|C1C(C(OC2=CC(=CC(=C21)O)O)C3=CC(=C(C=C3)O)O)OC4(C(C(C5=C(C=C(C=C5O4)O)O)O)O)C6=CC(=C(C=C6)O)O
4-CDP-2-C-methyl-D-erythritol|CC(CO)(C(COP(=O)(O)OP(=O)(O)OCC1C(C(C(O1)N2C=CC(=NC2=O)N)O)O)O)O
Flavanone|C1C(OC2=CC=CC=C2C1=O)C3=CC=CC=C3
Chaetoglobosin U|CC1CC=CC2C3C(O3)(C(C4C2(C(=O)CC5C1C(=C(C5=O)O)C)C(=O)NC4CC6=CNC7=CC=CC=C76)C)C
Aromadendrin|C1=CC(=CC=C1C2C(C(=O)C3=C(C=C(C=C3O2)O)O)O)O
Flavylium|C1=CC=C(C=C1)C2=[O+]C3=CC=CC=C3C=C2
2,5-Diisopropyl-p-xylene|CC1=CC(=C(C=C1C(C)C)C)C(C)C
1-Hexadecanol|CCCCCCCCCCCCCCCCO
Diosgenin|CC1CCC2(C(C3C(O2)CC4C3(CCC5C4CC=C6C5(CCC(C6)O)C)C)C)OC1
Hyoscyamine|CN1C2CCC1CC(C2)OC(=O)C(CO)C3=CC=CC=C3
Lanosterol|CC(CCC=C(C)C)C1CCC2(C1(CCC3=C2CCC4C3(CCC(C4(C)C)O)C)C)C
beta-Carotene|CC1=C(C(CCC1)(C)C)C=CC(=CC=CC(=CC=CC=C(C)C=CC=C(C)C=CC2=C(CCCC2(C)C)C)C)C
Betaine|C[N+](C)(C)CC(=O)[O-]
Physalien|CCCCCCCCCCCCCCCC(=O)OC1CC(=C(C(C1)(C)C)C=CC(=CC=CC(=CC=CC=C(C)C=CC=C(C)C=CC2=C(CC(CC2(C)C)OC(=O)CCCCCCCCCCCCCCC)C)C)C)C
beta-Cryptoxanthin|CC1=C(C(CCC1)(C)C)C=CC(=CC=CC(=CC=CC=C(C)C=CC=C(C)C=CC2=C(CC(CC2(C)C)O)C)C)C
Cinnamic acid|C1=CC=C(C=C1)C=CC(=O)O
gamma-Aminobutyric acid|C(CC(=O)O)CN
Withanolide Q|CC1=C(C(=O)OC(C1O)C(C)C2(CCC3C2(CCC4C3CC=C5C4(C(=O)C=CC5)C)C)O)CO
Withanolide R|CC1=C(C(=O)OC(C1O)C(C)C2CCC3C2(CCC4C3C5C(O5)C6(C4(C(=O)C=CC6)C)O)C)C
Withanolide M|CC1=C(C(=O)OC(C1)C(C)(C2(CC3C4(C2(CCC5C4CC=C6C5(C(=O)C=CC6)C)C)O3)O)O)C
Hygrine|CC(=O)CC1CCCN1C
Withanolide D|CC1=C(C(=O)OC(C1)C(C)(C2CCC3C2(CCC4C3CC5C6(C4(C(=O)C=CC6O)C)O5)C)O)C
Withaferin A|CC1=C(C(=O)OC(C1)C(C)C2CCC3C2(CCC4C3CC5C6(C4(C(=O)C=CC6O)C)O5)C)CO
Withanolide E|CC1=C(C(=O)OC(C1)C(C)(C2(CCC3(C2(CCC4C3CC5C6(C4(C(=O)C=CC6)C)O5)C)O)O)O)C
Withasomnine|C1CC2=C(C=NN2C1)C3=CC=CC=C3
Withanolide G|CC1=C(C(=O)OC(C1)C(C)(C2CCC3(C2(CCC4C3CC=C5C4(C(=O)C=CC5)C)C)O)O)C
Withanolide O|CC1=C(C(=O)OC(C1)C(C)C2(CCC3=C4CC=C5C(C=CC(=O)C5(C4CCC32C)C)O)O)C
27-Deoxy-14-hydroxywithaferin A|CC1=C(C(=O)OC(C1)C(C)C2CCC3(C2(CCC4C3CC5C6(C4(C(=O)C=CC6O)C)O5)C)O)C
Withanolide P|CC1=C(C(=O)OC(C1)C(C)C2(CCC3(C2(CCC4C3CC=C5C4(C(=O)C=CC5)C)C)O)O)C
27-Deoxywithaferin A|CC1=C(C(=O)OC(C1)C(C)C2CCC3C2(CCC4C3CC5C6(C4(C(=O)C=CC6O)C)O5)C)C
Withanolide N|CC1=C(C(=O)OC(C1)C(C)C2(CC=C3C2(CCC4C3CC=C5C4(C(=O)C=CC5)C)C)O)CO
Withanone|CC1=C(C(=O)OC(C1)C(C)C2(CCC3C2(CCC4C3C5C(O5)C6(C4(C(=O)C=CC6)C)O)C)O)C
17alpha-hydroxywithanolide D|CC1=C(C(=O)OC(C1)C(C)(C2(CCC3C2(CCC4C3CC5C6(C4(C(=O)C=CC6O)C)O5)C)O)O)C
Pelletierine|CC(=O)CC1CCCCN1
Withanolide S|CC1=C(C(=O)OC(C1)C(C)(C2(CCC3(C2(CCC4C3CC(C5(C4(C(=O)C=CC5)C)O)O)C)O)O)O)C
Withanolide C|CC1=C(C(=O)OC(C1)C(C)(C2(CCC3(C2(CCC4C3CC(C5(C4(C(=O)C=CC5)C)Cl)O)C)O)O)O)C
Withanolide L|CC1=C(C(=O)OC(C1)C(C)(C2(CC=C3C2(CCC4C3CC=C5C4(C(=O)C=CC5)C)C)O)O)C
Withanolide H|
Withanolide I|
Withanolide K|
(2R)-2-[(1S)-1-[(8R,9S,10R,13S,14R,17S)-14,17-dihydroxy-10,13-dimethyl-1-oxo-4,7,8,9,11,12,15,16-octahydrocyclopenta[a]phenanthren-17-yl]-1-hydroxyethyl]-4,5-dimethyl-2,3-dihydropyran-6-one|
Withanolide J|CC1=C(C(=O)OC(C1)C(C)(C2(CCC3(C2(CCC4C3CC=C5C4(C(=O)C=CC5)C)C)O)O)O)C
Cuscohygrine|CN1CCCC1CC(=O)CC2CCCN2C
Withasomidienone|
Somniferine|CN1CCC23C4C(=O)C(=CC2(C1CC5=C3C(=C(C=C5)O)O4)O)C6CC78C9C(=CC=C7C(N6C)CC1=C8C(=C(C=C1)OC)O9)OC
Sitoindoside IX|CC1=C(C(=O)OC(C1)C(C)C2CCC3C2(CCC4C3CC5C6(C4(C(=O)C=CC6O)C)O5)C)COC7C(C(C(C(O7)CO)O)O)O
Nicotine|CN1CCCC1C2=CN=CC=C2
Anahygrine|CN1CCCC1CC(=O)CC2CCCCN2
Tropine|CN1C2CCC1CC(C2)O
4-Hydroxy-1,26-dioxo-5,6:22,26-diepoxyergosta-2,24-dien-27-yl 6-o-hexadecanoylhexopyranoside|CCCCCCCCCCCCCCCC(=O)OCC1C(C(C(C(O1)OCC2=C(CC(OC2=O)C(C)C3CCC4C3(CCC5C4CC6C7(C5(C(=O)C=CC7O)C)O6)C)C)O)O)O
Galactitol|C(C(C(C(C(CO)O)O)O)O)O
Stearic acid|CCCCCCCCCCCCCCCCCC(=O)O
Palmitic acid|CCCCCCCCCCCCCCCC(=O)O
Oleic acid|CCCCCCCCC=CCCCCCCCC(=O)O
Linoleic acid|CCCCCC=CCC=CCCCCCCCC(=O)O
withanolide A|CC1=C(C(=O)OC(C1)C(C)(C2CCC3C2(CCC4C3C5C(O5)C6(C4(C(=O)C=CC6)C)O)C)O)C
Withanoside XI|CC1=C(C(=O)OC(C1)C(C)(C2CCC3C2(CCC4C3CC=C5C4(C(CC(C5)OC6C(C(C(C(O6)CO)O)O)O)O)C)C)O)CO
Physagulin-d|CC1=C(C(=O)OC(C1)C(C)C2CCC3C2(CCC4C3CC=C5C4(C(CC(C5)OC6C(C(C(C(O6)CO)O)O)O)O)C)C)CO
WithanosideVIII|CC1=C(C(=O)OC(C1)C(C)C2CCC3C2(CCC4C3CC=C5C4(C(CC(C5)OC6C(C(C(C(O6)COC7C(C(C(C(O7)CO)O)O)O)O)O)O)O)C)C)COC8C(C(C(C(O8)CO)O)O)O
Withanoside X|CC1=C(C(=O)OC(C1)C(C)C2CCC3C2(CCC4C3CC=C5C4(C(CC(C5)OC6C(C(C(C(O6)CO)O)O)O)O)C)C)COC7C(C(C(C(O7)CO)O)O)O
Coagulin Q|CC1=C(C(=O)OC(C1)C(C)(C2CCC3C2(CCC4C3CC=C5C4(C(CC(C5)OC6C(C(C(C(O6)CO)O)O)O)O)C)C)O)C
17-alpha-hydroxywithanolide D|CC1=C(C(OC(C1)C(C)(C2(CCC3C2(CCC4C3CC5C6(C4(C(=O)C=CC6O)C)O5)C)O)O)O)C
Ashwagandhanolide|CC1=C(C(=O)OC(C1)C(C)C2CCC3C2(CCC4C3CC(C5(C4(C(=O)C=CC5O)C)O)SC6CC7C8CCC(C8(CCC7C9(C6(C(C=CC9=O)O)O)C)C)C(C)C1CC(=C(C(=O)O1)CO)C)C)CO
Hydrocortisone sodium succinate|CC12CCC(=O)C=C1CCC3C2C(CC4(C3CCC4(C(=O)COC(=O)CCC(=O)[O-])O)C)O.[Na+]
Withanolide B|CC1=C(C(=O)OC(C1)C(C)C2CCC3C2(CCC4C3C5C(O5)C6(C4(C(=O)C=CC6)C)O)C)C
Stigmasterone|CCC(C=CC(C)C1CCC2C1(CCC3C2CC=C4C3(CCC(=O)C4)C)C)C(C)C
(3S,9S,10R,13R,14S,17R)-10,13-dimethyl-17-[(2S)-6-methyl-5-methylideneheptan-2-yl]-2,3,4,7,8,9,11,12,14,15,16,17-dodecahydro-1H-cyclopenta[a]phenanthren-3-ol|
Solasodine|CC1CCC2(C(C3C(O2)CC4C3(CCC5C4CC=C6C5(CCC(C6)O)C)C)C)NC1
17-Isowithanolide E|CC1=C(C(=O)OC(C1)C(C)(C2(CCC3(C2(CCC4C3CC5C6(C4(C(=O)C=CC6)C)O5)C)O)O)O)C
(-)-Anaferine|C1CCNC(C1)CC(=O)CC2CCCCN2
24-methylcholesta-5,23E-dien-3beta-ol|CC(C)C(=CCC(C)C1CCC2C1(CCC3C2CC=C4C3(CCC(C4)O)C)C)C
24,25-dihydrowithanolide D|CC1CC(OC(=O)C1C)C(C)(C2CCC3C2(CCC4C3CC5C6(C4(C(=O)C=CC6O)C)O5)C)O
24-Methyldesmosterol|CC(CCC(=C(C)C)C)C1CCC2C1(CCC3C2CC=C4C3(CCC(C4)O)C)C
Viscosalactone B|CC1=C(C(=O)OC(C1)C(C)C2CCC3C2(CCC4C3CC5C6(C4(C(=O)CC(C6O)O)C)O5)C)CO
24-Methyl-5-alpha-cholesta-8,24(28)-dien-3-beta-ol|CC(C)C(=C)CCC(C)C1CCC2C1(CCC3=C2CCC4C3(CCC(C4)O)C)C
2,3-Didehydrosomnifericin|CC1=C(C(=O)OC(C1)C(C)C2CCC3C2(CCC4C3CC(C5(C4(C(=O)C=CC5O)C)O)O)C)CO
Withanoside IV|CC1=C(C(=O)OC(C1)C(C)C2CCC3C2(CCC4C3CC=C5C4(C(CC(C5)OC6C(C(C(C(O6)COC7C(C(C(C(O7)CO)O)O)O)O)O)O)O)C)C)CO
Withanoside VI|CC1=C(C(=O)OC(C1)C(C)(C2CCC3C2(CCC4C3CC=C5C4(C(CC(C5)OC6C(C(C(C(O6)COC7C(C(C(C(O7)CO)O)O)O)O)O)O)O)C)C)O)C
Hentriacontane|CCCCCCCCCCCCCCCCCCCCCCCCCCCCCCC
Octacosane|CCCCCCCCCCCCCCCCCCCCCCCCCCCC
Sominone|CC1=C(C(=O)OC(C1)C(C)C2CCC3C2(CCC4C3CC=C5C4(C(CC(C5)O)O)C)C)CO
2,3-Dihydrowithaferin A|CC1=C(C(=O)OC(C1)C(C)C2CCC3C2(CCC4C3CC5C6(C4(C(=O)CCC6O)C)O5)C)CO
Esculetin|C1=CC(=O)OC2=CC(=C(C=C21)O)O
Scopoletin|COC1=C(C=C2C(=C1)C=CC(=O)O2)O
Fucosterol|CC=C(CCC(C)C1CCC2C1(CCC3C2CC=C4C3(CCC(C4)O)C)C)C(C)C
Oleanolic acid|CC1(CCC2(CCC3(C(=CCC4C3(CCC5C4(CCC(C5(C)C)O)C)C)C2C1)C)C(=O)O)C
beta-Amyrin|CC1(CCC2(CCC3(C(=CCC4C3(CCC5C4(CCC(C5(C)C)O)C)C)C2C1)C)C)C
Substance B|CCC(C)C(C(=O)OC1C(C(C(=C)C23C1(C(CC2O3)C4=COC=C4)C)C5(C6CC(=O)OCC6(OC(=O)CC5OC(=O)C)C)C)OC=O)O
Ergosterol|CC(C)C(C)C=CC(C)C1CCC2C1(CCC3C2=CC=C4C3(CCC(C4)O)C)C
(1S,2S,4S,5R,10R,11S,14R,15R,18S)-5-hydroxy-15-[(1S)-1-[5-(hydroxymethyl)-4-methyl-6-oxo-2,3-dihydropyran-2-yl]ethyl]-10,14-dimethyl-3-oxapentacyclo[9.7.0.02,4.05,10.014,18]octadec-7-en-9-one|
Daucosterol|CCC(CCC(C)C1CCC2C1(CCC3C2CC=C4C3(CCC(C4)OC5C(C(C(C(O5)CO)O)O)O)C)C)C(C)C
Stigmasterol glucoside|CCC(C=CC(C)C1CCC2C1(CCC3C2CC=C4C3(CCC(C4)OC5C(C(C(C(O5)CO)O)O)O)C)C)C(C)C
Bufotenine|CN(C)CCC1=CNC2=C1C=C(C=C2)O
N,N-Dimethyl-5-methoxytryptamine|CN(C)CCC1=CNC2=C1C=C(C=C2)OC
Choline|C[N+](C)(C)CCO
Serotonin|C1=CC2=C(C=C1O)C(=CN2)CCN
N,N-Dimethyltryptamine|CN(C)CCC1=CNC2=CC=CC=C21
9H-Pyrido[3,4-B]indole|C1=CC=C2C(=C1)C3=C(N2)C=NC=C3
Levodopa|C1=CC(=C(C=C1CC(C(=O)O)N)O)O
Dopamine|C1=CC(=C(C=C1CCN)O)O
6-methoxy-1-methyl-9H-pyrido[3,4-b]indole|CC1=NC=CC2=C1NC3=C2C=C(C=C3)OC
alpha-Amyrenyl acetate|CC1CCC2(CCC3(C(=CCC4C3(CCC5C4(CCC(C5(C)C)OC(=O)C)C)C)C2C1C)C)C
Luteolin|C1=CC(=C(C=C1C2=CC(=O)C3=C(C=C(C=C3O2)O)O)O)O
Ursolic acid|CC1CCC2(CCC3(C(=CCC4C3(CCC5C4(CCC(C5(C)C)O)C)C)C2C1C)C)C(=O)O
Betulinic acid|CC(=C)C1CCC2(C1C3CCC4C5(CCC(C(C5CCC4(C3(CC2)C)C)(C)C)O)C)C(=O)O
Tryptamine|C1=CC=C2C(=C1)C(=CN2)CCN
Coumarin|C1=CC=C2C(=C1)C=CC(=O)O2
Arachidic acid|CCCCCCCCCCCCCCCCCCCC(=O)O
(9Z)-(12S,13R)-12,13-Epoxyoctadecenoic acid|CCCCCC1C(O1)CC=CCCCCCCCC(=O)O
Gallic acid|C1=C(C=C(C(=C1O)O)O)C(=O)O
Sterol|C1CC2CCC3C4CCC(CC4CCC3C2C1)O
Glutathione|C(CC(=O)NC(CS)C(=O)NCC(=O)O)C(C(=O)O)N
Genistein|C1=CC(=CC=C1C2=COC3=CC(=CC(=C3C2=O)O)O)O
Ascorbic acid|C(C(C1C(=C(C(=O)O1)O)O)O)O
beta-Bisabolene|CC1=CCC(CC1)C(=C)CCC=C(C)C
2-(4-Methylphenyl)propan-2-ol|CC1=CC=C(C=C1)C(C)(C)O
Myrcene|CC(=CCCC(=C)C=C)C
alpha-Fenchene|CC1(C2CCC1C(=C)C2)C
gamma-Terpinene|CC1=CCC(=CC1)C(C)C
Bisacumol|CC1=CC=C(C=C1)C(C)CC(C=C(C)C)O
Curlone|CC(CC(=O)C=C(C)C)C1CCC(=C)C=C1
p-Cymene|CC1=CC=C(C=C1)C(C)C
Germacrone|CC1=CCC(=C(C)C)C(=O)CC(=CCC1)C
Tricyclene|CC1(C2CC3C1(C3C2)C)C
1-Methyl-4-(prop-1-en-2-yl)benzene|CC1=CC=C(C=C1)C(=C)C
Eucalyptol|CC1(C2CCC(O1)(CC2)C)C
Curcuphenol|CC1=CC(=C(C=C1)C(C)CCC=C(C)C)O
p-Mentha-1,3,8-triene|CC1=CC=C(CC1)C(=C)C
alpha-Turmerone|CC1=CCC(C=C1)C(C)CC(=O)C=C(C)C
3-Carene|CC1=CCC2C(C1)C2(C)C
4-Carvomenthenol|CC1=CCC(CC1)(C(C)C)O
2-Undecanone|CCCCCCCCCC(=O)C
4-Isopropylbenzyl alcohol|CC(C)C1=CC=C(C=C1)CO
Terpinolene|CC1=CCC(=C(C)C)CC1
alpha-Terpinene|CC1=CC=C(CC1)C(C)C
Geranyl acetate|CC(=CCCC(=CCOC(=O)C)C)C
beta-Farnesene|CC(=CCCC(=CCCC(=C)C=C)C)C
Zingiberene|CC1=CCC(C=C1)C(C)CCC=C(C)C
Humulene|CC1=CCC(C=CCC(=CCC1)C)(C)C
Linalool|CC(=CCCC(C)(C=C)O)C
alpha-Pinene|CC1=CCC2CC1C2(C)C
beta-Pinene|CC1(C2CCC(=C)C1C2)C
alpha-Terpineol|CC1=CCC(CC1)C(C)(C)O
Sabinene|CC(C)C12CCC(=C)C1C2
alpha-Curcumene|CC1=CC=C(C=C1)C(C)CCC=C(C)C
ar-Turmerone|CC1=CC=C(C=C1)C(C)CC(=O)C=C(C)C
3-(1,5-Dimethyl-4-hexenyl)-6-methylene-1-cyclohexene|CC(CCC=C(C)C)C1CCC(=C)C=C1
(Z)-beta-Ocimene|CC(=CCC=C(C)C=C)C
alpha-Phellandrene|CC1=CCC(C=C1)C(C)C
beta-Caryophyllene|CC1=CCCC(=C)C2CC(C2CC1)(C)C
(E)-beta-ocimene|CC(=CCC=C(C)C=C)C
cis-alpha-Bergamotene|CC1=CCC2CC1C2(C)CCC=C(C)C
Limonene|CC1=CCC(CC1)C(=C)C
Nerolidol|CC(=CCCC(=CCCC(C)(C=C)O)C)C
Ar-dihydro-turmerone|
2-Heptanol|CCCCCC(C)O
Myrtenol|CC1(C2CC=C(C1C2)CO)C
Carvacrol|CC1=C(C=C(C=C1)C(C)C)O
Elemicin|COC1=CC(=CC(=C1OC)OC)CC=C
Cinnamyl cinnamate|C1=CC=C(C=C1)C=CCOC(=O)C=CC2=CC=CC=C2
(-)-beta-Curcumene|CC1=CCC(=CC1)C(C)CCC=C(C)C
2-Decanol|CCCCCCCCC(C)O
Decanoic acid|CCCCCCCCCC(=O)O
Eugenol|COC1=C(C=CC(=C1)CC=C)O
Furanodienon|CC1=CC(=O)C2=C(CC(=CCC1)C)OC=C2C
(E)-Tagetenone|CC(=CC(=O)C=C(C)C=C)C
2-Heptanone|CCCCCC(=O)C
Geranyl formate|CC(=CCCC(=CCOC=O)C)C
Geranyl butyrate|CCCC(=O)OCC=C(C)CCC=C(C)C
Safrole|C=CCC1=CC2=C(C=C1)OCO2
1-Hexen-3-OL|CCCC(C=C)O
Germacrene B|CC1=CCCC(=CCC(=C(C)C)CC1)C
2-Octanol|CCCCCCC(C)O
Germacr-1(10)-ene-5,8-dione|CC1CCC=C(CC(=O)C(CC1=O)C(C)C)C
Linalyl propionate|CCC(=O)OC(C)(CCC=C(C)C)C=C
Myrtenal|CC1(C2CC=C(C1C2)C=O)C
Thymol|CC1=CC(=C(C=C1)C(C)C)O
Methyleugenol|COC1=C(C=C(C=C1)CC=C)OC
Linalyl acetate|CC(=CCCC(C)(C=C)OC(=O)C)C
4'-Methylacetophenone|CC1=CC=C(C=C1)C(=O)C
Perilla ketone|CC(C)CCC(=O)C1=COC=C1
alpha-Guaiene|CC1CCC(CC2=C1CCC2C)C(=C)C
2-Nonanol|CCCCCCCC(C)O
2-Nonanone|CCCCCCCC(=O)C
(Z)-Methyl jasmonate|CCC=CCC1C(CCC1=O)C(=O)OC
cis-Carvotanacetol|CC1=CCC(CC1O)C(C)C
Camphene hydrate|CC1(C2CCC(C2)C1(C)O)C
Heptyl salicylate|CCCCCCCOC(=O)C1=CC=CC=C1O
1-Undecanol|CCCCCCCCCCCO
2-(4-Methylphenyl)propan-1-ol|CC1=CC=C(C=C1)C(C)CO
Geranyl hexanoate|CCCCCC(=O)OCC=C(C)CCC=C(C)C
beta-Elemene|CC(=C)C1CCC(C(C1)C(=C)C)(C)C=C
1-Bisabolone|CC1=CC(=O)C(CC1)C(C)CCC=C(C)C
Curzerene|CC1=COC2=C1CC(C(C2)(C)C=C)C(=C)C
Thymol acetate|CC1=CC(=C(C=C1)C(C)C)OC(=O)C
Toluene|CC1=CC=CC=C1
3-Buten-2-OL|CC(C=C)O
5-Hydroxy-p-menth-6-en-2-one|CC1=CC(C(CC1=O)C(C)C)O
Tetradecane|CCCCCCCCCCCCCC
beta-Eudesmol|CC12CCCC(=C)C1CC(CC2)C(C)(C)O
(1R)-2-methyl-5-propan-2-ylbicyclo[3.1.0]hex-2-ene|
Curzerenone|CC1=COC2=C1C(=O)C(C(C2)(C)C=C)C(=C)C
alpha-Selinene|CC1=CCCC2(C1CC(CC2)C(=C)C)C
(S,1Z,6Z)-8-Isopropyl-1-methyl-5-methylenecyclodeca-1,6-diene|CC1=CCCC(=C)C=CC(CC1)C(C)C
cis-3-Hexen-1-ol|CCC=CCCO
d-Borneol|CC1(C2CCC1(C(C2)O)C)C
Farnesol|CC(=CCCC(=CCCC(=CCO)C)C)C
cis-beta-Farnesene|CC(=CCCC(=CCCC(=C)C=C)C)C
alpha-Muurolene|CC1=CC2C(CC1)C(=CCC2C(C)C)C
(+)-alpha-Cadinene|CC1=CC2C(CC1)C(=CCC2C(C)C)C
Humulene epoxide II|CC1=CCC(C=CCC2(C(O2)CC1)C)(C)C
Citral|CC(=CCCC(=CC=O)C)C
Neral|CC(=CCCC(=CC=O)C)C
cis-3-Hexenyl acetate|CCC=CCCOC(=O)C
alpha-Farnesene|CC(=CCCC(=CCC=C(C)C=C)C)C
(E)-gamma-Bisabolene|CC1=CCC(=C(C)CCC=C(C)C)CC1
Cinnamaldehyde|C1=CC=C(C=C1)C=CC=O
10-epi-gamma-Eudesmol|CC1=C2CC(CCC2(CCC1)C)C(C)(C)O
(+)-beta-Phellandrene|CC(C)C1CCC(=C)C=C1
(-)-cis-Carveol|CC1=CCC(CC1O)C(=C)C
Camphor|CC1(C2CCC1(C(=O)C2)C)C
Carvone|CC1=CCC(CC1=O)C(=C)C
alpha-Fenchol|CC1(C2CCC(C2)(C1O)C)C
alpha-Bergamotene|CC1=CCC2CC1C2(C)CCC=C(C)C
beta-Patchoulene|CC1CCC2=C1CC3CCC2(C3(C)C)C
tau-Cadinol|CC1=CC2C(CCC(C2CC1)(C)O)C(C)C
Levomenol|CC1=CCC(CC1)C(C)(CCC=C(C)C)O
Caryophyllene oxide|CC1(CC2C1CCC3(C(O3)CCC2=C)C)C
trans-Sesquisabinene hydrate|CC(CCC=C(C)C)C12CCC(C1C2)(C)O
2-Furanmethanol, 5-ethenyltetrahydro-alpha,alpha,5-trimethyl-, cis-|CC1(CCC(O1)C(C)(C)O)C=C
gamma-Elemene|CC(=C1CCC(C(C1)C(=C)C)(C)C=C)C
3-Hydroxy-4,5,6-trimethoxyspiro[1H-indole-2(3H),1'(3'H)-[2H]isoindole]-3'-one|COC1=C(C(=C2C(C3(C4=CC=CC=C4C(=O)N3)NC2=C1)O)OC)OC
delta-Elemene|CC(C)C1=CC(C(CC1)(C)C=C)C(=C)C
Camphene|CC1(C2CCC(C2)C1=C)C
2-Cyclohexen-1-ol, 2-methyl-5-(1-methylethenyl)-, acetate, cis-|CC1=CCC(CC1OC(=O)C)C(=C)C
cis-Nerolidol|CC(=CCCC(=CCCC(C)(C=C)O)C)C
7-epi-cis-Sesquisabinene hydrate|CC(CCC=C(C)C)C12CCC(C1C2)(C)O
Cedrelanol|CC1=CC2C(CCC(C2CC1)(C)O)C(C)C
6-Epi-beta-bisabolol|CC1=CCC(CC1)(C(C)CCC=C(C)C)O
Geraniol|CC(=CCCC(=CCO)C)C
trans-Linalool oxide|CC1(CCC(O1)C(C)(C)O)C=C
Piperitone|CC1=CC(=O)C(CC1)C(C)C
(+)-cis-Sabinol|CC(C)C12CC1C(=C)C(C2)O
Sabinyl acetate|CC(C)C12CC1C(=C)C(C2)OC(=O)C
2-Cyclohexen-1-ol, 1-methyl-4-(1-methylethyl)-, trans-|CC(C)C1CCC(C=C1)(C)O
Isobornyl acetate|CC(=O)OC1CC2CCC1(C2(C)C)C
Viridiflorol|CC1CCC2C1C3C(C3(C)C)CCC2(C)O
2-Hepten-4-one, 6-(2-hydroxy-4-methylphenyl)-2-methyl-|CC1=CC(=C(C=C1)C(C)CC(=O)C=C(C)C)O
O-Cymene|CC1=CC=CC=C1C(C)C
(1E)-1,7-bis(4-hydroxy-3-methoxyphenyl)hept-1-ene-3,5-dione|COC1=C(C=CC(=C1)CCC(=O)CC(=O)C=CC2=CC(=C(C=C2)O)OC)O
Bicyclo(4.1.0)heptan-3-one, 1-methyl-4-(1-methylethylidene)-7-(3-oxobutyl)-, (1S,6R,7R)-|CC(=C1CC2C(C2(CC1=O)C)CCC(=O)C)C
2-Undecanol|CCCCCCCCCC(C)O
Turmeronol A|CC1=C(C=C(C=C1)C(C)CC(=O)C=C(C)C)O
gamma-Terpineol|CC(=C1CCC(CC1)(C)O)C
Humuladienone|CC1CC=CC(CC=C(CCC1=O)C)(C)C
Procurcumadiol|CC1=CC(=O)C(=C(C)C)CC2(C1CCC2(C)O)O
(6Z)-6,10-dimethyl-3-propan-2-ylidenecyclodec-6-ene-1,4-dione|
Curcumol|CC1CCC2C13CC(C(O3)(CC2=C)O)C(C)C
Bisacurone|CC(CC(=O)C=C(C)C)C1CC(C(C=C1)(C)O)O
Sesquisabinene|CC(CCC=C(C)C)C12CCC(=C)C1C2
Tetradecanal|CCCCCCCCCCCCCC=O
4,10-Epizedoarondiol|CC(=C1CC2C(CCC2(C)O)C(CC1=O)(C)O)C
Demethoxycurcumin|COC1=C(C=CC(=C1)C=CC(=O)CC(=O)C=CC2=CC=C(C=C2)O)O
Piperine|C1CCN(CC1)C(=O)C=CC=CC2=CC3=C(C=C2)OCO3
Epiprocurcumenol|CC1=CC(=O)C(=C(C)C)CC2C1CCC2(C)O
Procurcumenol|CC1=CC(=O)C(=C(C)C)CC2C1CCC2(C)O
Bisabolane|CC1CCC(CC1)C(C)CCCC(C)C
Bisdemethoxycurcumin|C1=CC(=CC=C1C=CC(=O)CC(=O)C=CC2=CC=C(C=C2)O)O
Cholesterol|CC(C)CCCC(C)C1CCC2C1(CCC3C2CC=C4C3(CCC(C4)O)C)C
Cyclocurcumin|COC1=C(C=CC(=C1)C=CC2=CC(=O)CC(O2)C3=CC(=C(C=C3)O)OC)O
(1S,2S,5S,8S)-2-methyl-6-methylidene-9-propan-2-ylidene-11-oxatricyclo[6.2.1.01,5]undecan-8-ol|
2-(Hydroxymethyl)anthraquinone|C1=CC=C2C(=C1)C(=O)C3=C(C2=O)C=C(C=C3)CO
Xanthorrhizol|CC1=C(C=C(C=C1)C(C)CCC=C(C)C)O
Curcumin|COC1=C(C=CC(=C1)C=CC(=O)CC(=O)C=CC2=CC(=C(C=C2)O)OC)O
Linalyl isobutyrate|CC(C)C(=O)OC(C)(CCC=C(C)C)C=C
Tridecane|CCCCCCCCCCCCC
3,7(11)-Eudesmadiene|CC1=CCCC2(C1CC(=C(C)C)CC2)C
Isoledene|CC1CCC2C(C2(C)C)C3=C1CCC3C
Ethene;2-methoxyphenol;phenol;propanedial|
(+)-Curcumenol|CC1CCC2C13CC(=C(C)C)C(O3)(C=C2C)O
Turmerol|CC1=CCC(=CC1)C(C)CC(C=C(C)C)O
delta-Curcumene|CC1=CCC(C=C1)C(C)CCC=C(C)C
Anethole|CC=CC1=CC=C(C=C1)OC
Pulegone|CC1CCC(=C(C)C)C(=O)C1
(+)-delta-Cadinene|CC1=CC2C(CCC(=C2CC1)C)C(C)C
Campesterol|CC(C)C(C)CCC(C)C1CCC2C1(CCC3C2CC=C4C3(CCC(C4)O)C)C
Isoprocurcumenol|CC(=C1CC2C(CCC2(C)O)C(=C)CC1=O)C
(1E,4E)-1-(4-Hydroxy-3-methoxyphenyl)-5-(4-hydroxyphenyl)-1,4-pentadiene-3-one|COC1=C(C=CC(=C1)C=CC(=O)C=CC2=CC=C(C=C2)O)O
1,7-Bis(4-hydroxyphenyl)-1,4,6-heptatrien-3-one|C1=CC(=CC=C1C=CC=CC(=O)C=CC2=CC=C(C=C2)O)O
Bisabola-3,10-diene-2-one|CC1=CCC(CC1=O)C(C)CCC=C(C)C
alpha-Atlantone|CC1=CCC(CC1)C(=CC(=O)C=C(C)C)C
beta-Himachalene|CC1=CC2C(=C(CCCC2(C)C)C)CC1
Allo-Aromadendrene|CC1CCC2C1C3C(C3(C)C)CCC2=C
trans-alpha-Bergamotene|CC1=CCC2CC1C2(C)CCC=C(C)C
(4S,5S)-Germacrone-4,5-epoxide|CC1=CCCC2(C(O2)CC(=C(C)C)C(=O)C1)C
Butylated hydroxytoluene|CC1=CC(=C(C(=C1)C(C)(C)C)O)C(C)(C)C
2-Methylisoborneol|CC1(C2CCC1(C(C2)(C)O)C)C
(1E,4E)-1,5-bis(4-hydroxy-3-methoxyphenyl)penta-1,4-dien-3-one|COC1=C(C=CC(=C1)C=CC(=O)C=CC2=CC(=C(C=C2)O)OC)O
Tetrahydrobisdemethoxydiferuloylmethane|C1=CC(=CC=C1CCC(=O)CC(=O)CCC2=CC=C(C=C2)O)O
Vitamin E|CC1=C(C2=C(CCC(O2)(C)CCCC(C)CCCC(C)CCCC(C)C)C(=C1O)C)C
Oleoresin tumeric|COC1=C(C=CC(=C1)C=CC(=O)CC(=O)C=CC2=CC=C(C=C2)O)O.COC1=C(C=CC(=C1)C=CC(=O)CC(=O)C=CC2=CC(=C(C=C2)O)OC)O.C1=CC(=CC=C1C=CC(=O)CC(=O)C=CC2=CC=C(C=C2)O)O
(20S)-Protopanaxadiol|CC(=CCCC(C)(C1CCC2(C1C(CC3C2(CCC4C3(CCC(C4(C)C)O)C)C)O)C)O)C
Protopanaxatriol|CC(=CCCC(C)(C1CCC2(C1C(CC3C2(CC(C4C3(CCC(C4(C)C)O)C)O)C)O)C)O)C
20(R)-Protopanaxatriol|CC(=CCCC(C)(C1CCC2(C1C(CC3C2(CC(C4C3(CCC(C4(C)C)O)C)O)C)O)C)O)C
Ginsenoside rb1|CC(=CCCC(C)(C1CCC2(C1C(CC3C2(CCC4C3(CCC(C4(C)C)OC5C(C(C(C(O5)CO)O)O)OC6C(C(C(C(O6)CO)O)O)O)C)C)O)C)OC7C(C(C(C(O7)COC8C(C(C(C(O8)CO)O)O)O)O)O)O)C
Ginsenoside RG2|CC1C(C(C(C(O1)OC2C(C(C(OC2OC3CC4(C(CC(C5C4(CCC5C(C)(CCC=C(C)C)O)C)O)C6(C3C(C(CC6)O)(C)C)C)C)CO)O)O)O)O)O
Ginsenoside RG1|CC(=CCCC(C)(C1CCC2(C1C(CC3C2(CC(C4C3(CCC(C4(C)C)O)C)OC5C(C(C(C(O5)CO)O)O)O)C)O)C)OC6C(C(C(C(O6)CO)O)O)O)C
Ginsenoside rb3|
Ginsenoside Rc|CC(=CCCC(C)(C1CCC2(C1C(CC3C2(CCC4C3(CCC(C4(C)C)OC5C(C(C(C(O5)CO)O)O)OC6C(C(C(C(O6)CO)O)O)O)C)C)O)C)OC7C(C(C(C(O7)COC8C(C(C(O8)CO)O)O)O)O)O)C
Ginsenoside Rh1|CC(=CCCC(C)(C1CCC2(C1C(CC3C2(CC(C4C3(CCC(C4(C)C)O)C)OC5C(C(C(C(O5)CO)O)O)O)C)O)C)O)C
(3S,4S,5S,6R)-2-[(3R,4S,5S,6R)-2-[[(3S,6S,8R,9R,10R,12R,17S)-3,12-dihydroxy-4,4,8,10,14-pentamethyl-17-[(2S)-6-methyl-2-[(3R,4S,5S,6R)-3,4,5-trihydroxy-6-(hydroxymethyl)oxan-2-yl]oxyhept-5-en-2-yl]-2,3,5,6,7,9,11,12,13,15,16,17-dodecahydro-1H-cyclopenta[a]phenanthren-6-yl]oxy]-4,5-dihydroxy-6-(hydroxymethyl)oxan-3-yl]oxy-6-methyloxane-3,4,5-triol|
Gypenoside VIII|CC(=CCCC(C)(C1CCC2(C1C(CC3C2(CCC4C3(CCC(C4(C)C)OC5C(C(C(C(O5)CO)O)O)OC6C(C(C(C(O6)CO)O)O)O)C)C)O)C)OC7C(C(C(C(O7)CO)O)O)O)C
Ginsenoside Ro|CC1(CCC2(CCC3(C(=CCC4C3(CCC5C4(CCC(C5(C)C)OC6C(C(C(C(O6)C(=O)O)O)O)OC7C(C(C(C(O7)CO)O)O)O)C)C)C2C1)C)C(=O)OC8C(C(C(C(O8)CO)O)O)O)C
Ginsenoside M7cd|CC(=C)C(CCC(C)(C1CCC2(C1C(CC3C2(CC(C4C3(CCC(C4(C)C)O)C)O)C)O)C)OC5C(C(C(C(O5)CO)O)O)O)O
Ginsenoside Rb2|CC(=CCCC(C)(C1CCC2(C1C(CC3C2(CCC4C3(CCC(C4(C)C)OC5C(C(C(C(O5)CO)O)O)OC6C(C(C(C(O6)CO)O)O)O)C)C)O)C)OC7C(C(C(C(O7)COC8C(C(C(CO8)O)O)O)O)O)O)C
(20R)-Ginsenoside Rg3|CC(=CCCC(C)(C1CCC2(C1C(CC3C2(CCC4C3(CCC(C4(C)C)OC5C(C(C(C(O5)CO)O)O)OC6C(C(C(C(O6)CO)O)O)O)C)C)O)C)O)C
1-Heptadecanol|CCCCCCCCCCCCCCCCCO
Ginsenoside Rg3|CC(=CCCC(C)(C1CCC2(C1C(CC3C2(CCC4C3(CCC(C4(C)C)OC5C(C(C(C(O5)CO)O)O)OC6C(C(C(C(O6)CO)O)O)O)C)C)O)C)O)C
20(S)-Ginsenoside Rh2|CC(=CCCC(C)(C1CCC2(C1C(CC3C2(CCC4C3(CCC(C4(C)C)OC5C(C(C(C(O5)CO)O)O)O)C)C)O)C)O)C
Ginsenoside Rh2|CC(=CCCC(C)(C1CCC2(C1C(CC3C2(CCC4C3(CCC(C4(C)C)OC5C(C(C(C(O5)CO)O)O)O)C)C)O)C)O)C
20R-Ginsenoside Rg2|CC1C(C(C(C(O1)OC2C(C(C(OC2OC3CC4(C(CC(C5C4(CCC5C(C)(CCC=C(C)C)O)C)O)C6(C3C(C(CC6)O)(C)C)C)C)CO)O)O)O)O)O
Ginsenoside-rgl|CC(=CCCC(C)(C1CCC2(C1C(CC3C2(CC(C4C3(CCC(C4(C)C)O)C)OC5C(C(C(C(O5)CO)O)O)O)C)O)C)OC6C(C(C(C(O6)CO)O)O)O)C
Ginsenoside Rh3|CC(=CCC=C(C)C1CCC2(C1C(CC3C2(CCC4C3(CCC(C4(C)C)OC5C(C(C(C(O5)CO)O)O)O)C)C)O)C)C
Methyl palmitate|CCCCCCCCCCCCCCCC(=O)OC
ginsenoside F2|CC(=CCCC(C)(C1CCC2(C1C(CC3C2(CCC4C3(CCC(C4(C)C)OC5C(C(C(C(O5)CO)O)O)O)C)C)O)C)OC6C(C(C(C(O6)CO)O)O)O)C
alpha-Santalene|CC(=CCCC1(C2CC3C1(C3C2)C)C)C
Ginsenoside F3|CC(=CCCC(C)(C1CCC2(C1C(CC3C2(CC(C4C3(CCC(C4(C)C)O)C)O)C)O)C)OC5C(C(C(C(O5)COC6C(C(C(CO6)O)O)O)O)O)O)C
2-Heptadecanone|CCCCCCCCCCCCCCCC(=O)C
Ginsenoside F1|CC(=CCCC(C)(C1CCC2(C1C(CC3C2(CC(C4C3(CCC(C4(C)C)O)C)O)C)O)C)OC5C(C(C(C(O5)CO)O)O)O)C
Pentadecane|CCCCCCCCCCCCCCC
Ginsenoside-La|CC(=CC1CC(C2CCC3(C2C(O1)CC4C3CCC5C4(CCC(C5(C)C)OC6C(C(C(C(O6)CO)O)O)O)C)C)(C)OC7C(C(C(C(O7)CO)O)O)O)C
beta-Gurjunene|CC1CCC2C(C2(C)C)C3C1CCC3=C
Ginsenoside RG4|CC1C(C(C(C(O1)OC2C(C(C(OC2OC3CC4(C(CC(C5C4(CCC5C(=CCC=C(C)C)C)C)O)C6(C3C(C(CC6)O)(C)C)C)C)CO)O)O)O)O)O
Pseudoginsenoside FII|CC1C(C(C(C(O1)OC2C(C(C(OC2OC3CC4(C(CC(C5C4(CCC5C6(CCC(O6)C(C)(C)O)C)C)O)C7(C3C(C(CC7)O)(C)C)C)C)CO)O)O)O)O)O
(20R)-Ginsenoside Rh1|CC(=CCCC(C)(C1CCC2(C1C(CC3C2(CC(C4C3(CCC(C4(C)C)O)C)OC5C(C(C(C(O5)CO)O)O)O)C)O)C)O)C
Eremophilene|CC1CCC=C2C1(CC(CC2)C(=C)C)C
Kaempferol 3-O-beta-D-glucosylgalactoside|C1=CC(=CC=C1C2=C(C(=O)C3=C(C=C(C=C3O2)O)O)OC4C(C(C(C(O4)CO)O)O)OC5C(C(C(C(O5)CO)O)O)O)O
2-Methyltetradecane|CCCCCCCCCCCCC(C)C
Dammaran-3,6,12,20,25-pentol-6-O-rhamnopyranosyl-(1-2)-O-glucopyranoside|CC1C(C(C(C(O1)OC2C(C(C(OC2OC3CC4(C(CC(C5C4(CCC5C(C)(CCCC(C)(C)O)O)C)O)C6(C3C(C(CC6)O)(C)C)C)C)CO)O)O)O)O)O
Trifolin|C1=CC(=CC=C1C2=C(C(=O)C3=C(C=C(C=C3O2)O)O)OC4C(C(C(C(O4)CO)O)O)O)O
1-Chloro-8-(3-heptyloxiran-2-yl)octa-4,6-diyne-2,3-diol|CCCCCCCC1C(O1)CC#CC#CC(C(CCl)O)O
Panaxacol|CCCCCCCC(C(CC#CC#CC(=O)CC)O)O
(3S,9R,10R)-heptadeca-4,6-diyne-3,9,10-triol|CCCCCCCC(C(CC#CC#CC(CC)O)O)O
Ginsenoside Rd1|CC(=CCCC(C)(C1CCC2(C1C(CC3C2(CCC4C3(CCC(C4(C)C)OC5C(C(C(C(O5)CO)O)O)OC6C(C(C(C(O6)CO)O)O)O)C)C)O)C)OC7C(C(C(C(O7)CO)O)O)O)C
Sucrose|C(C1C(C(C(C(O1)OC2(C(C(C(O2)CO)O)O)CO)O)O)O)O
Adenosine|C1=NC(=C2C(=N1)N(C=N2)C3C(C(C(O3)CO)O)O)N
Ginsenoside Rs3|CC(=CCCC(C)(C1CCC2(C1C(CC3C2(CCC4C3(CCC(C4(C)C)OC5C(C(C(C(O5)CO)O)O)OC6C(C(C(C(O6)COC(=O)C)O)O)O)C)C)O)C)O)C
Senecrassidiol|CC1(CC2C1CCC3(CC2(CCC3O)O)C)C
Perlolyrine|C1=CC=C2C(=C1)C3=C(N2)C(=NC=C3)C4=CC=C(O4)CO
Octadecane|CCCCCCCCCCCCCCCCCC
Ginsenol|CC1(CC2(C3(CCCC2(C1CC3)C)C)O)C
Bicyclogermacrene|CC1=CCCC(=CC2C(C2(C)C)CC1)C
(-)-Germacrene A|CC1=CCCC(=CCC(CC1)C(=C)C)C
(-)-Cyperene|CC1CCC2CC3=C(CCC13C2(C)C)C
gomisin N|CC1CC2=CC3=C(C(=C2C4=C(C(=C(C=C4CC1C)OC)OC)OC)OC)OCO3
L-(+)-Arabinose|C(C(C(C(C=O)O)O)O)O
2-sec-Butyl-3-methoxypyrazine|CCC(C)C1=NC=CN=C1OC
Ginsenoside Rf|CC(=CCCC(C)(C1CCC2(C1C(CC3C2(CC(C4C3(CCC(C4(C)C)O)C)OC5C(C(C(C(O5)CO)O)O)OC6C(C(C(C(O6)CO)O)O)O)C)O)C)O)C
Trilinolein|CCCCCC=CCC=CCCCCCCCC(=O)OCC(COC(=O)CCCCCCCC=CCC=CCCCCC)OC(=O)CCCCCCCC=CCC=CCCCCC
2-Pentylfuran|CCCCCC1=CC=CO1
beta-Panasinsene|CC1(CC23C1CCC2(CCCC3=C)C)C
8-[(2R,3S)-3-hept-6-enyloxiran-2-yl]oct-1-en-4,6-diyn-3-yl acetate|
8-[(2R,3S)-3-heptyloxiran-2-yl]octa-4,6-diyn-3-yl acetate|
8-(3-heptyloxiran-2-yl)oct-1-en-4,6-diyn-3-yl (9E,12E)-octadeca-9,12-dienoate|
(3r)-8-[(2r,3s)-3-Heptyloxiran-2-yl]oct-1-ene-4,6-diyn-3-ol|CCCCCCCC1C(O1)CC#CC#CC(C=C)O
Panaxynol linoleate|CCCCCCCC=CCC#CC#CC(C=C)OC(=O)CCCCCCCC=CCC=CCCCCC
(3S,5R,6S,8R,9R,10R,12R,13R,14R,17S)-4,4,8,10,14-pentamethyl-17-[(2R)-2,6,6-trimethyloxan-2-yl]-2,3,5,6,7,9,11,12,13,15,16,17-dodecahydro-1H-cyclopenta[a]phenanthrene-3,6,12-triol|CC1(CCCC(O1)(C)C2CCC3(C2C(CC4C3(CC(C5C4(CCC(C5(C)C)O)C)O)C)O)C)C
Panaxadiol|CC1(CCCC(O1)(C)C2CCC3(C2C(CC4C3(CCC5C4(CCC(C5(C)C)O)C)C)O)C)C
Maltol|CC1=C(C(=O)C=CO1)O
(2S,3R,4R,5S,6S)-2-(hydroxymethyl)-6-(((2S,3R,4R,5S,6R)-3,4,5-trihydroxy-6-(((4aR,8aS)-4-isopropyl-1,7-dimethyl-1,2,3,4,4a,5,8,8a-octahydronaphthalen-1-yl)oxy)tetrahydro-2H-pyran-2-yl)methoxy)tetrahydro-2H-pyran-3,4,5-triol|CC1=CCC2C(CCC(C2C1)(C)OC3C(C(C(C(O3)COC4C(C(C(C(O4)CO)O)O)O)O)O)O)C(C)C
Panaxytriol|CCCCCCCC(C(CC#CC#CC(C=C)O)O)O
Spathulenol|CC1(C2C1C3C(CCC3(C)O)C(=C)CC2)C
Ginsenoyne A|C=CCCCCCC1C(O1)CC#CC#CC(C=C)O
Ginsenoyne A linoleate|CCCCCC=CCC=CCCCCCCCC(=O)OC(C=C)C#CC#CCC1C(O1)CCCCCC=C
Ginsenoyne C|C=CCCCCCC(C(CC#CC#CC(C=C)O)O)O
Ginsenoyne E|CCCCCCCC1C(O1)CC#CC#CC(=O)C=C
(4E)-8-[(2R,3S)-3-heptyloxiran-2-yl]octa-1,4-dien-6-yn-3-ol|CCCCCCCC1C(O1)CC#CC=CC(C=C)O
Ginsenoside Ra1|CC(=CCCC(C)(C1CCC2(C1C(CC3C2(CCC4C3(CCC(C4(C)C)OC5C(C(C(C(O5)CO)O)O)OC6C(C(C(C(O6)CO)O)O)O)C)C)O)C)OC7C(C(C(C(O7)COC8C(C(C(CO8)OC9C(C(C(CO9)O)O)O)O)O)O)O)O)C
Ginsenoyne K|CCCCCCCC(C=CC#CC#CC(C=C)O)OO
Ginsenoside Ra2|CC(=CCCC(C)(C1CCC2(C1C(CC3C2(CCC4C3(CCC(C4(C)C)OC5C(C(C(C(O5)CO)O)O)OC6C(C(C(C(O6)CO)O)O)O)C)C)O)C)OC7C(C(C(C(O7)COC8C(C(C(O8)CO)O)OC9C(C(C(CO9)O)O)O)O)O)O)C
n9-Formylharman|CC1=NCCC2=C1N(C3=CC=CC=C23)C=O
Tetracosane|CCCCCCCCCCCCCCCCCCCCCCCC
Nonadecane|CCCCCCCCCCCCCCCCCCC
Docosane|CCCCCCCCCCCCCCCCCCCCCC
Pentacosane|CCCCCCCCCCCCCCCCCCCCCCCCC
Heneicosane|CCCCCCCCCCCCCCCCCCCCC
Tricosane|CCCCCCCCCCCCCCCCCCCCCCC
Ethyl palmitate|CCCCCCCCCCCCCCCC(=O)OCC
(1aR,7R,7aR,7bS)-1,1,7,7a-tetramethyl-2,3,5,6,7,7b-hexahydro-1aH-cyclopropa[a]naphthalene|CC1CCC=C2C1(C3C(C3(C)C)CC2)C
Besigomsin|CC1CC2=CC3=C(C(=C2C4=C(C(=C(C=C4CC1(C)O)OC)OC)OC)OC)OCO3
Ginsenoyne J|CCCCCCCC=CCC#CC=CC(C=C)O
Malonylginsenoside Rb(1)|CC(=CCCC(C)(C1CCC2(C1C(CC3C2(CCC4C3(CCC(C4(C)C)OC5C(C(C(C(O5)CO)O)O)OC6C(C(C(C(O6)COC(=O)CC(=O)O)O)O)O)C)C)O)C)OC7C(C(C(C(O7)COC8C(C(C(C(O8)CO)O)O)O)O)O)O)C
Malonyl ginsenoside Rd|CC(=CCCC(C)(C1CCC2(C1C(CC3C2(CCC4C3(CCC(C4(C)C)OC5C(C(C(C(O5)CO)O)O)OC6C(C(C(C(O6)COC(=O)CC(=O)O)O)O)O)C)C)O)C)OC7C(C(C(C(O7)CO)O)O)O)C
(1S,6S,7R)-2,6,8,8-Tetramethyltricyclo[5.2.2.01,6]undec-2-ene|CC1=CCCC2(C13CCC2C(C3)(C)C)C
Spinacine|C1C(NCC2=C1N=CN2)C(=O)O
Malonyl ginsenoside Rb2|CC(=CCCC(C)(C1CCC2(C1C(CC3C2(CCC4C3(CCC(C4(C)C)OC5C(C(C(C(O5)CO)O)O)OC6C(C(C(C(O6)COC(=O)CC(=O)O)O)O)O)C)C)O)C)OC7C(C(C(C(O7)COC8C(C(C(CO8)O)O)O)O)O)O)C
Falcarinol|CCCCCCCC=CCC#CC#CC(C=C)O
(+)-gamma-Cadinene|CC1=CC2C(CC1)C(=C)CCC2C(C)C
1,8-Heptadecadiene-4,6-diyne-3,10-diol|CCCCCCCC(C=CC#CC#CC(C=C)O)O
(2aS,4aR)-2,2,4a,8-tetramethyl-2a,3,4,5,6,7-hexahydro-1H-cyclobuta[i]inden-8-ol|CC1(CC23C1CCC2(CCCC3(C)O)C)C
beta-Neoclovene|CC1(CC23CCC1C2(CCCC3=C)C)C
Linolenic acid|CCC=CCC=CCC=CCCCCCCCC(=O)O
Ginsenoyne B|C=CCCCCCC(C(CC#CC#CC(C=C)O)O)Cl
Ginsenoyne H|CCC(C#CC#CCC1C(O1)CCCCCC=C)OC(=O)C
3-sec-Butyl-2-methoxy-5-methylpyrazine|CCC(C)C1=NC(=CN=C1OC)C
(-)-Globulol|CC1CCC2C1C3C(C3(C)C)CCC2(C)O
beta-Selinene|CC(=C)C1CCC2(CCCC(=C)C2C1)C
(E)-2-epi-beta-caryophyllene|CC1=CCCC(=C)C2CC(C2CC1)(C)C
Aromadendrene|CC1CCC2C1C3C(C3(C)C)CCC2=C
D-Galacturonic Acid|C1(C(C(OC(C1O)O)C(=O)O)O)O
Isointermedeol|CC(=C)C1CCC2(CCCC(C2C1)(C)O)C
Ledol|CC1CCC2C1C3C(C3(C)C)CCC2(C)O
Panasinsanol A|CC1(CC23C1CCC2(CCCC3(C)O)C)C
T-Muurolol|CC1=CC2C(CCC(C2CC1)(C)O)C(C)C
2-Heptylfuran|CCCCCCCC1=CC=CO1
20(R)-Ginsenoside Rh2|CC(=CCCC(C)(C1CCC2(C1C(CC3C2(CCC4C3(CCC(C4(C)C)OC5C(C(C(C(O5)CO)O)O)O)C)C)O)C)O)C
D-Mannose|C(C1C(C(C(C(O1)O)O)O)O)O
Panaxydol chlorohydrin|CCCCCCCC(C(CC#CC#CC(C=C)O)O)Cl
13-Tetradecene-1,3-diyne-6,7-diol|C=CCCCCCC(C(CC#CC#C)O)O
Periplogenin|CC12CCC(CC1(CCC3C2CCC4(C3(CCC4C5=CC(=O)OC5)O)C)O)O
Ubiquinone|CC1=C(C(=O)C(=C(C1=O)OC)OC)CC=C(C)CCC=C(C)CCC=C(C)CCC=C(C)CCC=C(C)CCC=C(C)CCC=C(C)CCC=C(C)CCC=C(C)CCC=C(C)C
Spermidine|C(CCNCCCN)CN
Spermine|C(CCNCCCN)CNCCCN
Geniposide|COC(=O)C1=COC(C2C1CC=C2CO)OC3C(C(C(C(O3)CO)O)O)O
Syringic acid|COC1=CC(=CC(=C1O)OC)C(=O)O
Resveratrol|C1=CC(=CC=C1C=CC2=CC(=CC(=C2)O)O)O
Genipin|COC(=O)C1=COC(C2C1CC=C2CO)O
Ginsenoside-F5|CC(=CCCC(C)(C1CCC2(C1C(CC3C2(CC(C4C3(CCC(C4(C)C)O)C)O)C)O)C)OC5C(C(C(C(O5)COC6C(C(C(O6)CO)O)O)O)O)O)C
Gypenoside XVII|CC(=CCCC(C)(C1CCC2(C1C(CC3C2(CCC4C3(CCC(C4(C)C)OC5C(C(C(C(O5)CO)O)O)O)C)C)O)C)OC6C(C(C(C(O6)COC7C(C(C(C(O7)CO)O)O)O)O)O)O)C
Capsaicin|CC(C)C=CCCCCC(=O)NCC1=CC(=C(C=C1)O)OC
(2S,3R,4S,5S,6R)-2-[(2R,3R,4S,5S,6R)-4,5-dihydroxy-2-[[(10R,12S,13R,14R,17R)-12-hydroxy-17-[(2S)-2-hydroxy-6-methylhept-5-en-2-yl]-4,4,10,14-tetramethyl-1,2,3,5,6,7,8,9,11,12,13,15,16,17-tetradecahydrocyclopenta[a]phenanthren-3-yl]oxy]-6-(hydroxymethyl)oxan-3-yl]oxy-4,6-bis(hydroxymethyl)oxane-3,5-diol|CC(=CCCC(C)(C1CCC2(C1C(CC3C2CCC4C3(CCC(C4(C)C)OC5C(C(C(C(O5)CO)O)O)OC6C(C(C(C(O6)CO)O)CO)O)C)O)C)O)C
Salidroside|C1=CC(=CC=C1CCOC2C(C(C(C(O2)CO)O)O)O)O
2-Acetylpyrrole|CC(=O)C1=CC=CN1
ginsenoside Rk1|CC(=CCCC(=C)C1CCC2(C1C(CC3C2(CCC4C3(CCC(C4(C)C)OC5C(C(C(C(O5)CO)O)O)OC6C(C(C(C(O6)CO)O)O)O)C)C)O)C)C
Chikusetsusaponin iva|CC1(CCC2(CCC3(C(=CCC4C3(CCC5C4(CCC(C5(C)C)OC6C(C(C(C(O6)C(=O)O)O)O)O)C)C)C2C1)C)C(=O)OC7C(C(C(C(O7)CO)O)O)O)C
Tetradecanoate|CCCCCCCCCCCCCC(=O)[O-]
(2S,3R,4S,5S,6R)-2-[(2S,3R,4S,5S,6R)-2-[(2S,3R,4S,6R)-2-[(2R,3R,4R,5R,6R)-6-[(1R,2S,3S,4R,5'R,6R,7S,8R,9S,12S,13S,15R,16R,18S)-3,15-dihydroxy-5',7,9,13-tetramethylspiro[5-oxapentacyclo[10.8.0.02,9.04,8.013,18]icosane-6,2'-oxane]-16-yl]oxy-4,5-dihydroxy-2-(hydroxymethyl)oxan-3-yl]oxy-5-hydroxy-6-(hydroxymethyl)-4-[(2S,3R,4S,5R)-3,4,5-trihydroxyoxan-2-yl]oxyoxan-3-yl]oxy-3,5-dihydroxy-6-(hydroxymethyl)oxan-4-yl]oxy-6-(hydroxymethyl)oxane-3,4,5-triol|
2,5-Dimethyltridecane|CCCCCCCCC(C)CCC(C)C
[(2R,3S,4S,5R,6S)-6-[(2R,3R,4S,5S,6R)-4,5-dihydroxy-2-[[(5R,10R,12S,14R)-12-hydroxy-17-[(2S)-2-hydroxy-6-methylhept-5-en-2-yl]-4,4,5,10,14-pentamethyl-2,3,6,7,8,9,11,12,13,15,16,17-dodecahydro-1H-cyclopenta[a]phenanthren-3-yl]oxy]-6-(hydroxymethyl)oxan-3-|
(2S,3R,4S,5S,6R)-2-[(2R,3R,4S,5S,6R)-4,5-dihydroxy-2-[[12-hydroxy-17-(2-hydroxy-6-methylhept-5-en-2-yl)-4,4,8,10,14-pentamethyl-2,3,5,6,7,9,11,12,13,15,16,17-dodecahydro-1H-cyclopenta[a]phenanthren-3-yl]oxy]-6-(hydroxymethyl)oxan-3-yl]oxy-6-(hydroxymethyl)oxane-3,4,5-triol|
Digitoxigenin|CC12CCC(CC1CCC3C2CCC4(C3(CCC4C5=CC(=O)OC5)O)C)O
3-Epidigitoxigenin|CC12CCC(CC1CCC3C2CCC4(C3(CCC4C5=CC(=O)OC5)O)C)O
beta-Guaiene|CC1CCC(=C(C)C)CC2=C1CCC2C
Stearate|CCCCCCCCCCCCCCCCCC(=O)[O-]
Baicalin|C1=CC=C(C=C1)C2=CC(=O)C3=C(C(=C(C=C3O2)OC4C(C(C(C(O4)C(=O)O)O)O)O)O)O
gamma-Patchoulene|CC1CCC23C1CC(C2(C)C)CCC3=C
Falcarindiol|CCCCCCCC=CC(C#CC#CC(C=C)O)O
Morphine|CN1CCC23C4C1CC5=C2C(=C(C=C5)O)OC3C(C=C4)O
Notoginsenoside R2|CC(=CCCC(C)(C1CCC2(C1C(CC3C2(CC(C4C3(CCC(C4(C)C)O)C)OC5C(C(C(C(O5)CO)O)O)OC6C(C(C(CO6)O)O)O)C)O)C)O)C
Ginsenoside Rh4|CC(=CCC=C(C)C1CCC2(C1C(CC3C2(CC(C4C3(CCC(C4(C)C)O)C)OC5C(C(C(C(O5)CO)O)O)O)C)O)C)C
Allantoin|C1(C(=O)NC(=O)N1)NC(=O)N
Harman|CC1=NC=CC2=C1NC3=CC=CC=C23
Acetal|CCOC(C)OCC
Vincristine|CCC1(CC2CC(C3=C(CCN(C2)C1)C4=CC=CC=C4N3)(C5=C(C=C6C(=C5)C78CCN9C7C(C=CC9)(C(C(C8N6C=O)(C(=O)OC)O)OC(=O)C)CC)OC)C(=O)OC)O
Squalene|CC(=CCCC(=CCCC(=CCCC=C(C)CCC=C(C)CCC=C(C)C)C)C)C
17alpha-(123I)-Iodovinyl-11beta-methoxyestradiol|CC12CC(C3C(C1CCC2(C=CI)O)CCC4=CC=CC=C34)OC
Gynostemma Extract|CC(=CCCC(C)(C1CCC2(C1C(CC3C2(CCC4C3(CCC(C4(C)C)OC5C(C(C(C(O5)CO)O)O)O)C)C)O)C)OC6C(C(C(C(O6)COC7C(C(C(CO7)O)O)O)O)O)O)C
Mayurone|CC1(CCCC2(C13CC3C(=O)C=C2)C)C
1-Ethoxypentane|CCCCCOCC
m-Xylene|CC1=CC(=CC=C1)C
2,6-Diethylpyrazine|CCC1=CN=CC(=N1)CC
Vanillic acid|COC1=C(C=CC(=C1)C(=O)O)O
Colchicoside|CC(=O)NC1CCC2=CC(=C(C(=C2C3=CC=C(C(=O)C=C13)OC)OC)OC)OC4C(C(C(C(O4)CO)O)O)O
Rosavin|C1C(C(C(C(O1)OCC2C(C(C(C(O2)OCC=CC3=CC=CC=C3)O)O)O)O)O)O
2,3,3-Trimethyl-1,4-pentadiene|CC(=C)C(C)(C)C=C
Butyl ethyl ether|CCCCOCC
1-(11Z-icosenoyl)-2-(9Z,12Z-octadecadienoyl)-sn-glycero-3-phosphoethanolamine|CCCCCCCCC=CCCCCCCCCCC(=O)OCC(COP(=O)([O-])OCC[NH3+])OC(=O)CCCCCCCC=CCC=CCCCCC
Malonylginsenoside rc|CC(=CCCC(C)(C1CCC2(C1C(CC3C2(CCC4C3(CCC(C4(C)C)OC5C(C(C(C(O5)CO)O)O)OC6C(C(C(C(O6)COC(=O)CC(=O)O)O)O)O)C)C)O)C)OC7C(C(C(C(O7)COC8C(C(C(O8)CO)O)O)O)O)O)C
Dammarane|CC(C)CCCC(C)C1CCC2(C1CCC3C2(CCC4C3(CCCC4(C)C)C)C)C
alpha-Panasinsene|CC1=CCCC2(C13CC(C3CC2)(C)C)C
Bullatine B|CCN1CC2(CCC(C34C2C(C(C31)C5(CC(C6CC4C5C6O)OC)O)OC)O)COC
Cobalt(3+);[(2R,3S,4R,5S)-5-(5,6-dimethylbenzimidazol-1-yl)-4-hydroxy-2-(hydroxymethyl)oxolan-3-yl] [(2R)-1-[3-[(1R,2R,3R,4Z,7S,9Z,12S,13S,14Z,17S,18S,19R)-2,13,18-tris(2-amino-2-oxoethyl)-7,12,17-tris(3-amino-3-oxopropyl)-3,5,8,8,13,15,18,19-octamethyl-2,7,12,17-tetrahydro-1H-corrin-21-id-3-yl]propanoylamino]propan-2-yl] phosphate;cyanide|CC1=CC2=C(C=C1C)N(C=N2)C3C(C(C(O3)CO)OP(=O)([O-])OC(C)CNC(=O)CCC4(C(C5C6(C(C(C(=C(C7=NC(=CC8=NC(=C(C4=N5)C)C(C8(C)C)CCC(=O)N)C(C7(C)CC(=O)N)CCC(=O)N)C)[N-]6)CCC(=O)N)(C)CC(=O)N)C)CC(=O)N)C)O.[C-]#N.[Co+3]
Salicylic acid|C1=CC=C(C(=C1)C(=O)O)O
Silibinin|COC1=C(C=CC(=C1)C2C(OC3=C(O2)C=C(C=C3)C4C(C(=O)C5=C(C=C(C=C5O4)O)O)O)CO)O
Mannitol|C(C(C(C(C(CO)O)O)O)O)O
Sophoraflavonoloside|C1=CC(=CC=C1C2=C(C(=O)C3=C(C=C(C=C3O2)O)O)OC4C(C(C(C(O4)CO)O)O)OC5C(C(C(C(O5)CO)O)O)O)O
Caffeic acid|C1=CC(=C(C=C1C=CC(=O)O)O)O
Ginsenosides|CC(=CCCC(C)(C1CCC2(C1CCC3C2(CCC4C3(CCC(C4(C)C)O)C)C)C)O)C
Dencichin|C(C(C(=O)O)N)NC(=O)C(=O)O
Glycyrrhizic acid|CC1(C2CCC3(C(C2(CCC1OC4C(C(C(C(O4)C(=O)O)O)O)OC5C(C(C(C(O5)C(=O)O)O)O)O)C)C(=O)C=C6C3(CCC7(C6CC(CC7)(C)C(=O)O)C)C)C)C
Citric acid|C(C(=O)O)C(CC(=O)O)(C(=O)O)O
d-Tartaric acid|C(C(C(=O)O)O)(C(=O)O)O
Isovitexin|C1=CC(=CC=C1C2=CC(=O)C3=C(O2)C=C(C(=C3O)C4C(C(C(C(O4)CO)O)O)O)O)O
beta-Tocopherol|CC1=CC(=C(C2=C1OC(CC2)(C)CCCC(C)CCCC(C)CCCC(C)C)C)O
alpha-Carotene|CC1=C(C(CCC1)(C)C)C=CC(=CC=CC(=CC=CC=C(C)C=CC=C(C)C=CC2C(=CCCC2(C)C)C)C)C
Vitexin|C1=CC(=CC=C1C2=CC(=O)C3=C(O2)C(=C(C=C3O)O)C4C(C(C(C(O4)CO)O)O)O)O
Hetisinone|CC12CC(=O)CC34C1C5CC67C3C(C(C(C6C4N5C2)O)C(=C)C7)O
Vilmorrianone|CC(=O)OC1CC2(CN(C3C4C(=O)C5CC6C3(C1)C2C(=O)C(=O)C64CC5=C)C)C
(1S,2R,3R,4S,5S,6S,8S,9S,10R,13S,16S,17R)-11-ethyl-6-methoxy-13-(methoxymethyl)-11-azahexacyclo[7.7.2.12,5.01,10.03,8.013,17]nonadecane-4,8,16-triol|CCN1CC2(CCC(C34C2CC(C31)C5(CC(C6CC4C5C6O)OC)O)O)COC
Delnudine|CC12CC(CC34C1C5(CC67C3C(CC(=O)C6C4N5C2)C(=C)C7)O)O
[(1S,2R,3S,6S,9R,10S,11R,14R,17S,18R)-12-ethyl-17-methoxy-14-methyl-4-oxo-5-oxa-12-azahexacyclo[8.7.2.12,6.01,11.03,9.014,18]icosan-9-yl] acetate|
Lauric acid|CCCCCCCCCCCC(=O)O
(1S,5R,8R,9R,10S,11R,13R,14S,15S,16R)-7-ethyl-5-methyl-12-methylidene-7-azahexacyclo[7.6.2.210,13.01,8.05,16.010,15]nonadecane-11,14-diol|
Condelphine|CCN1CC2(CCC(C34C2CC(C31)C5(CC(C6CC4C5C6OC(=O)C)OC)O)O)COC
Panicutine|CC(=O)OC1CC2(CN(C3C4C(=O)C5CC6C3(C1)C2C(=O)CC64CC5=C)C)C
Palmitoleic acid|CCCCCCC=CCCCCCCCC(=O)O
beta-D-Glucose|C(C1C(C(C(C(O1)O)O)O)O)O
Theobromine|CN1C=NC2=C1C(=O)NC(=O)N2C
Theasinensin B|C1C(C(OC2=CC(=CC(=C21)O)O)C3=CC(=C(C(=C3C4=C(C(=C(C=C4C5C(CC6=C(C=C(C=C6O5)O)O)OC(=O)C7=CC(=C(C(=C7)O)O)O)O)O)O)O)O)O)O
Octanal|CCCCCCCC=O
Riboflavin|CC1=CC2=C(C=C1C)N(C3=NC(=O)NC(=O)C3=N2)CC(C(C(CO)O)O)O
Theasinensin A|C1C(C(OC2=CC(=CC(=C21)O)O)C3=CC(=C(C(=C3C4=C(C(=C(C=C4C5C(CC6=C(C=C(C=C6O5)O)O)OC(=O)C7=CC(=C(C(=C7)O)O)O)O)O)O)O)O)O)OC(=O)C8=CC(=C(C(=C8)O)O)O
6,10,14-Trimethylpentadecan-2-one|CC(C)CCCC(C)CCCC(C)CCCC(=O)C
Geranylacetone|CC(=CCCC(=CCCC(=O)C)C)C
Xanthine|C1=NC2=C(N1)C(=O)NC(=O)N2
Benzyl Alcohol|C1=CC=C(C=C1)CO
Caffeine|CN1C=NC2=C1C(=O)N(C(=O)N2C)C
Methyl salicylate|COC(=O)C1=CC=CC=C1O
(2S,4R)-p-Mentha-1(7),8-dien-2-ol|CC(=C)C1CCC(=C)C(C1)O
cis-3-Hexenal|CCC=CCC=O
Typhasterol|CC(C)C(C)C(C(C(C)C1CCC2C1(CCC3C2CC(=O)C4C3(CCC(C4)O)C)C)O)O
Teasterone|CC(C)C(C)C(C(C(C)C1CCC2C1(CCC3C2CC(=O)C4C3(CCC(C4)O)C)C)O)O
2-Decenal|CCCCCCCC=CC=O
Brassinolide|CC(C)C(C)C(C(C(C)C1CCC2C1(CCC3C2COC(=O)C4C3(CC(C(C4)O)O)C)C)O)O
Catechol|C1=CC=C(C(=C1)O)O
Geranic acid|CC(=CCCC(=CC(=O)O)C)C
Theaflavin monogallates|C1C(C(OC2=CC(=CC(=C21)O)O)C3=CC(=C(C4=C(C(=O)C=C(C=C34)C5C(CC6=C(C=C(C=C6O5)O)O)OC(=O)C7=CC(=C(C(=C7)O)O)O)O)O)O)O
2,2,6-Trimethylcyclohexanone|CC1CCCC(C1=O)(C)C
2-Undecenal|CCCCCCCCC=CC=O
Theophylline|CN1C2=C(C(=O)N(C1=O)C)NC=N2
Benzoic acid, 3,4,5-trimethoxy-, diester with 1,8-bis(3,4-dihydro-3,5,7-trihydroxy-2H-1-benzopyran-2-yl)-3,4,6-trihydroxy-5H-benzocyclohepten-5-one|C1C(C(OC2=CC(=CC(=C21)O)O)C3=CC(=O)C(=C4C(=C3)C(=CC(=C4OC(=O)C5=CC(=C(C(=C5)O)O)O)O)C6C(CC7=C(C=C(C=C7O6)OC(=O)C8=CC(=C(C(=C8)O)O)O)O)O)O)O
2-Ethylhexanol|CCCCC(CC)CO
Angelic acid|CC=C(C)C(=O)O
Tiglic acid|CC=C(C)C(=O)O
2-Phenylethanol|C1=CC=C(C=C1)CCO
Safranal|CC1=C(C(CC=C1)(C)C)C=O
beta-Ionone|CC1=C(C(CCC1)(C)C)C=CC(=O)C
1-Triacontanol|CCCCCCCCCCCCCCCCCCCCCCCCCCCCCCO
1-Decanol|CCCCCCCCCCO
Decanal|CCCCCCCCCC=O
2-Methylpyrazine|CC1=NC=CN=C1
Hypoxanthine|C1=NC2=C(N1)C(=O)NC=N2
Furfural|C1=COC(=C1)C=O
Undecanal|CCCCCCCCCCC=O
1-Dodecanol|CCCCCCCCCCCCO
Pantothenic acid|CC(C)(CO)C(C(=O)NCCC(=O)O)O
1-Hexanol|CCCCCCO
Heptanal|CCCCCCC=O
Dodecanal|CCCCCCCCCCCC=O
Nonan-1-ol|CCCCCCCCCO
6-Methyl-5-hepten-2-one|CC(=CCCC(=O)C)C
Hexanoic acid|CCCCCC(=O)O
Nicotinic acid|C1=CC(=CN=C1)C(=O)O
Oxalic acid|C(=O)(C(=O)O)O
Phenylacetaldehyde|C1=CC=C(C=C1)CC=O
1-Octanol|CCCCCCCCO
Inositol|C1(C(C(C(C(C1O)O)O)O)O)O
1-Heptanol|CCCCCCCO
beta-Cyclocitral|CC1=C(C(CCC1)(C)C)C=O
Benzaldehyde|C1=CC=C(C=C1)C=O
Methyl 1-methoxy-1H-indole-3-carboxylate|COC(=O)C1=CN(C2=CC=CC=C21)OC
Castasterone|CC(C)C(C)C(C(C(C)C1CCC2C1(CCC3C2CC(=O)C4C3(CC(C(C4)O)O)C)C)O)O
Dextrin|C(C1C(C(C(C(O1)OC2C(OC(C(C2O)O)OC3C(OC(C(C3O)O)O)CO)CO)O)O)O)O
A1-Barrigenol|CC1(CC2C3=CCC4C5(CCC(C(C5CCC4(C3(C(C(C2(C(C1)O)CO)O)O)C)C)(C)C)O)C)C
3-Hexenoic acid|CCC=CCC(=O)O
Epigallocatechin gallate|C1C(C(OC2=CC(=CC(=C21)O)O)C3=CC(=C(C(=C3)O)O)O)OC(=O)C4=CC(=C(C(=C4)O)O)O
Epigallocatechin|C1C(C(OC2=CC(=CC(=C21)O)O)C3=CC(=C(C(=C3)O)O)O)O
Diphenyl ether|C1=CC=C(C=C1)OC2=CC=CC=C2
Valeric acid|CCCCC(=O)O
Nonanoic acid|CCCCCCCCC(=O)O
1,2-Dihydro-1,5,8-trimethylnaphthalene|CC1CC=CC2=C(C=CC(=C12)C)C
2-Hexyl-1-decanol|CCCCCCCCC(CCCCCC)CO
Theasapogenol B|CC1(CC2C3=CCC4C5(CCC(C(C5CCC4(C3(CC(C2(C(C1O)O)CO)O)C)C)(C)C)O)C)C
Dihydro-beta-ionol|CC1=C(C(CCC1)(C)C)CCC(C)O
Nerol|CC(=CCCC(=CCO)C)C
1,4,6-tri-O-galloyl-beta-D-glucose|C1=C(C=C(C(=C1O)O)O)C(=O)OCC2C(C(C(C(O2)OC(=O)C3=CC(=C(C(=C3)O)O)O)O)O)OC(=O)C4=CC(=C(C(=C4)O)O)O
Theasapogenol E|CC1(CC2C3=CCC4C5(CCC(C(C5CCC4(C3(CC(C2(C(C1O)O)CO)O)C)C)(C)C=O)O)C)C
Cianidanol|C1C(C(OC2=CC(=CC(=C21)O)O)C3=CC(=C(C=C3)O)O)O
1-Isopropyl-4,7-dimethyl-1,3,4,5,6,8a-hexahydro-4a(2H)-naphthalenol|CC1CCC(C2C1(CCC(=C2)C)O)C(C)C
(-)-Epicatechin|C1C(C(OC2=CC(=CC(=C21)O)O)C3=CC(=C(C=C3)O)O)O
D-Xylose|C1C(C(C(C(O1)O)O)O)O
10-Methylnonadecane|CCCCCCCCCC(C)CCCCCCCCC
1-Dodecyne|CCCCCCCCCCC#C
2,5-Octanedione|CCCC(=O)CCC(=O)C
2-Methyloctan-1-ol|CCCCCCC(C)CO
p-Xylene|CC1=CC=C(C=C1)C
Diisopentyl ether|CC(C)CCOCCC(C)C
3-Methyl-4-penten-1-ol acetate|CC(CCOC(=O)C)C=C
Cyclopentene, 1-heptyl-|CCCCCCCC1=CCCC1
3-Ethylcyclopentanone|CCC1CCC(=O)C1
3,3,4-Trimethylheptane|CCCC(C)C(C)(C)CC
3,5-Dimethyl-2-cyclohexen-1-one|CC1CC(=CC(=O)C1)C
2-Cyclohexyloctane|CCCCCCC(C)C1CCCCC1
2,3,3-Trimethyl-1-hexene|CCCC(C)(C)C(=C)C
4-Hexen-2-one|CC=CCC(=O)C
4-(2,4,4-Trimethyl-cyclohexa-1,5-dienyl)-but-3-en-2-one|CC1=C(C=CC(C1)(C)C)C=CC(=O)C
Hexanoic acid, 4-hexen-1-yl ester|CCCCCC(=O)OCCCC=CC
Heptadecenal|CCCCCCCCCCCCCCC=CC=O
(1-Methylbutyl)cyclohexane|CCCC(C)C1CCCCC1
Henicosyl formate|CCCCCCCCCCCCCCCCCCCCCOC=O
Propanoic acid, 2-methyl-, 3-hydroxy-2,4,4-trimethylpentyl ester|CC(C)C(=O)OCC(C)C(C(C)(C)C)O
3,3-Dimethylhexanal|CCCC(C)(C)CC=O
1-Ethyl-1H-pyrrole-2-carbaldehyde|CCN1C=CC=C1C=O
1-Cyclohexen-1-ol, 2,6-dimethyl-, acetate|CC1CCCC(=C1OC(=O)C)C
L-Theanine|CCNC(=O)CCC(C(=O)O)N
Camelliaside B|CC1C(C(C(C(O1)OCC2C(C(C(C(O2)OC3=C(OC4=CC(=CC(=C4C3=O)O)O)C5=CC=C(C=C5)O)OC6C(C(C(CO6)O)O)O)O)O)O)O)O
(3R,4R,4aR,5R,6aR,6aS,6bR,8aR,9R,10S,12aR,14bS)-4a,9-bis(hydroxymethyl)-2,2,6a,6b,9,12a-hexamethyl-1,3,4,5,6,6a,7,8,8a,10,11,12,13,14b-tetradecahydropicene-3,4,5,10-tetrol|
Kaempferol-3-O-(2'-O-beta-D-glucopyl)-beta-D-rutinoside|CC1C(C(C(C(O1)OCC2C(C(C(C(O2)OC3=C(OC4=CC(=CC(=C4C3=O)O)O)C5=CC=C(C=C5)O)OC6C(C(C(C(O6)CO)O)O)O)O)O)O)O)O
alpha-Spinasterol|CCC(C=CC(C)C1CCC2C1(CCC3C2=CCC4C3(CCC(C4)O)C)C)C(C)C
Camelliaside C|C1=CC(=CC=C1C2=C(C(=O)C3=C(C=C(C=C3O2)O)O)OC4C(C(C(C(O4)CO)O)O)OC5C(C(C(C(O5)CO)O)O)O)O
Erucic acid|CCCCCCCCC=CCCCCCCCCCCCC(=O)O
Gadoleic acid|CCCCCCCCCCC=CCCCCCCCC(=O)O
Spinasterone|CCC(C=CC(C)C1CCC2C1(CCC3C2=CCC4C3(CCC(=O)C4)C)C)C(C)C
[(2R,3R)-8-[(2S)-2-[(2R)-3,4-dihydroxy-5-oxo-2H-furan-2-yl]-2-hydroxyethoxy]-5,7-dihydroxy-2-(3,4,5-trihydroxyphenyl)-3,4-dihydro-2H-chromen-3-yl] 3,4,5-trihydroxybenzoate|
[(2R,3R)-2-[8-[5,7-dihydroxy-3-(3,4,5-trihydroxybenzoyl)oxy-3,4-dihydro-2H-chromen-2-yl]-3a,5,6-trihydroxy-3-oxo-8bH-cyclopenta[b][1]benzofuran-1-yl]-5,7-dihydroxy-3,4-dihydro-2H-chromen-3-yl] 3,4,5-trihydroxybenzoate|
Epicatechin 3-O-(4-O-methylgallate)|COC1=C(C=C(C=C1O)C(=O)OC2CC3=C(C=C(C=C3OC2C4=CC(=C(C=C4)O)O)O)O)O
Assamicain B|C1C(C(OC2=C1C(=CC(=C2C(C3=CC(=C(C(=C3)O)O)O)C(CC4=C(C=C(C=C4O)O)O)OC(=O)C5=CC(=C(C(=C5)O)O)O)O)O)C6=CC(=C(C(=C6)O)O)O)OC(=O)C7=CC(=C(C(=C7)O)O)O
Epicatechin 3-O-(3-O-methylgallate)|COC1=CC(=CC(=C1O)O)C(=O)OC2CC3=C(C=C(C=C3OC2C4=CC(=C(C=C4)O)O)O)O
Epiafzelechin 3-O-gallate|C1C(C(OC2=CC(=CC(=C21)O)O)C3=CC=C(C=C3)O)OC(=O)C4=CC(=C(C(=C4)O)O)O
Theasinensin F|C1C(C(OC2=CC(=CC(=C21)O)O)C3=CC(=C(C=C3C4=C(C(=C(C=C4C5C(CC6=C(C=C(C=C6O5)O)O)OC(=O)C7=CC(=C(C(=C7)O)O)O)O)O)O)O)O)OC(=O)C8=CC(=C(C(=C8)O)O)O
Proanthocyanidin A-6|C1C(C(OC2=CC3=C(C4C(C(O3)(OC5=CC(=CC(=C45)O)O)C6=CC(=C(C=C6)O)O)O)C(=C21)O)C7=CC(=C(C=C7)O)O)O
Theasinensin C|C1C(C(OC2=CC(=CC(=C21)O)O)C3=CC(=C(C(=C3C4=C(C(=C(C=C4C5C(CC6=C(C=C(C=C6O5)O)O)O)O)O)O)O)O)O)O
5H-Benzocyclohepten-5-one, 1,8-bis((2R,3R)-3,5,7-trihydroxy-2H-1-benzopyran-2-yl)-3,4,6-trihydroxy-|C1C(C(OC2=CC(=CC(=C21)O)O)C3=CC(=O)C(=C4C(=C3)C(=CC(=C4O)O)C5C(CC6=C(C=C(C=C6O5)O)O)O)O)O
Isoorientin|C1=CC(=C(C=C1C2=CC(=O)C3=C(O2)C=C(C(=C3O)C4C(C(C(C(O4)CO)O)O)O)O)O)O
Diphenylamine|C1=CC=C(C=C1)NC2=CC=CC=C2
Vanillin|COC1=C(C=CC(=C1)C=O)O
Prodelphinidin A2 3'-gallate|C1C(C(OC2=C1C(=CC3=C2C4C(C(O3)(OC5=CC(=CC(=C45)O)O)C6=CC(=C(C(=C6)O)O)O)O)O)C7=CC(=C(C(=C7)O)O)O)OC(=O)C8=CC(=C(C(=C8)O)O)O
1-(3,4,5-Trihydroxyphenyl)ethanone|CC(=O)C1=CC(=C(C(=C1)O)O)O
Sinapic acid|COC1=CC(=CC(=C1O)OC)C=CC(=O)O
Longifolene|CC1(CCCC2(C3C1C(C2=C)CC3)C)C
Benzyl beta-d-glucopyranoside|C1=CC=C(C=C1)COC2C(C(C(C(O2)CO)O)O)O
Jasmine lactone|CCC=CCC1CCCC(=O)O1
Daidzein|C1=CC(=CC=C1C2=COC3=C(C2=O)C=CC(=C3)O)O
Puerarin|C1=CC(=CC=C1C2=COC3=C(C2=O)C=CC(=C3C4C(C(C(C(O4)CO)O)O)O)O)O
Gallocatechin-(4alpha->8)-epigallocatechin|C1C(C(OC2=C1C(=CC(=C2C3C(C(OC4=CC(=CC(=C34)O)O)C5=CC(=C(C(=C5)O)O)O)O)O)O)C6=CC(=C(C(=C6)O)O)O)O
Epigallocatechin-(4beta->8)-epicatechin-3-O-gallate ester|C1C(C(OC2=C1C(=CC(=C2C3C(C(OC4=CC(=CC(=C34)O)O)C5=CC(=C(C(=C5)O)O)O)O)O)O)C6=CC(=C(C=C6)O)O)OC(=O)C7=CC(=C(C(=C7)O)O)O
Theaflagallin|C1C(C(OC2=CC(=CC(=C21)O)O)C3=CC(=O)C(=C4C(=C3)C=C(C(=C4O)O)O)O)O
Epigallocatechin 3-O-cinnamate|C1C(C(OC2=CC(=CC(=C21)O)O)C3=CC(=C(C(=C3)O)O)O)OC(=O)C=CC4=CC=CC=C4
Fisetin|C1=CC(=C(C=C1C2=C(C(=O)C3=C(O2)C=C(C=C3)O)O)O)O
Orientin|C1=CC(=C(C=C1C2=CC(=O)C3=C(O2)C(=C(C=C3O)O)C4C(C(C(C(O4)CO)O)O)O)O)O
2'-Hydroxygenistein|C1=CC(=C(C=C1O)O)C2=COC3=CC(=CC(=C3C2=O)O)O
Brassicasterol|CC(C)C(C)C=CC(C)C1CCC2C1(CCC3C2CC=C4C3(CCC(C4)O)C)C
1-[5,7-dihydroxy-3-(3,4,5-trihydroxybenzoyl)oxy-3,4-dihydro-2H-chromen-2-yl]-3,4,5-trihydroxy-6-oxobenzo[7]annulene-8-carboxylic acid|
Furaneol|CC1C(=O)C(=C(O1)C)O
Longicyclene|CC1(CCCC2(C3C1C4C2(C4C3)C)C)C
Benzylamine|C1=CC=C(C=C1)CN
Camellianin A|CC1C(C(C(C(O1)OC2C(OC(C(C2O)O)OC3=CC(=CC4=C3C(=O)C=C(O4)C5=CC=C(C=C5)O)O)COC(=O)C)O)O)O
Camellianin B|CC1C(C(C(C(O1)OC2C(OC(C(C2O)O)OC3=CC(=CC4=C3C(=O)C=C(O4)C5=CC=C(C=C5)O)O)CO)O)O)O
Theaflavic acid|C1C(C(OC2=CC(=CC(=C21)O)O)C3=CC(=C(C4=C(C(=O)C=C(C=C34)C(=O)O)O)O)O)O
2-Methoxy-4-methylphenol|CC1=CC(=C(C=C1)O)OC
Strictinin|C1C2C(C(C(C(O2)OC(=O)C3=CC(=C(C(=C3)O)O)O)O)O)OC(=O)C4=CC(=C(C(=C4C5=C(C(=C(C=C5C(=O)O1)O)O)O)O)O)O
Inosine 5-monophosphate|
Dihydrochalcone|C1=CC=C(C=C1)CCC(=O)C2=CC=CC=C2
Delphinidin|C1=C(C=C(C(=C1O)O)O)C2=[O+]C3=CC(=CC(=C3C=C2O)O)O.[Cl-]
4-Ethyl-2-methoxyphenol|CCC1=CC(=C(C=C1)O)OC
Cyanidin|C1=CC(=C(C=C1C2=[O+]C3=CC(=CC(=C3C=C2O)O)O)O)O
(+)-Gallocatechin-(4alpha->8)-(+)-catechin|C1C(C(OC2=C1C(=CC(=C2C3C(C(OC4=CC(=CC(=C34)O)O)C5=CC(=C(C(=C5)O)O)O)O)O)O)C6=CC(=C(C=C6)O)O)O
(+)-Catechin-(4alpha->8)-(-)-epigallocatechin|C1C(C(OC2=C1C(=CC(=C2C3C(C(OC4=CC(=CC(=C34)O)O)C5=CC(=C(C=C5)O)O)O)O)O)C6=CC(=C(C(=C6)O)O)O)O
3,3'-Digalloylprocyanidin B2|C1C(C(OC2=C1C(=CC(=C2C3C(C(OC4=CC(=CC(=C34)O)O)C5=CC(=C(C=C5)O)O)OC(=O)C6=CC(=C(C(=C6)O)O)O)O)O)C7=CC(=C(C=C7)O)O)OC(=O)C8=CC(=C(C(=C8)O)O)O
5,7-dihydroxy-2-(4-hydroxyphenyl)-6-[(2R,3R,4R,5S,6R)-3,4,5-trihydroxy-6-(hydroxymethyl)oxan-2-yl]-8-[(2S,3R,4S,5S)-3,4,5-trihydroxyoxan-2-yl]chromen-4-one|C1C(C(C(C(O1)C2=C3C(=C(C(=C2O)C4C(C(C(C(O4)CO)O)O)O)O)C(=O)C=C(O3)C5=CC=C(C=C5)O)O)O)O
Guaiacol|COC1=CC=CC=C1O
(-)-Gallocatechin gallate|C1C(C(OC2=CC(=CC(=C21)O)O)C3=CC(=C(C(=C3)O)O)O)OC(=O)C4=CC(=C(C(=C4)O)O)O
(+)-Gallocatechin|C1C(C(OC2=CC(=CC(=C21)O)O)C3=CC(=C(C(=C3)O)O)O)O
Isoschaftoside|C1C(C(C(C(O1)C2=C(C(=C3C(=C2O)C(=O)C=C(O3)C4=CC=C(C=C4)O)C5C(C(C(C(O5)CO)O)O)O)O)O)O)O
Chlorogenic acid|C1C(C(C(CC1(C(=O)O)O)OC(=O)C=CC2=CC(=C(C=C2)O)O)O)O
(+)-epicatechin-3-O-gallate|C1C(C(OC2=CC(=CC(=C21)O)O)C3=CC(=C(C=C3)O)O)OC(=O)C4=CC(=C(C(=C4)O)O)O
(-)-Epicatechin gallate|C1C(C(OC2=CC(=CC(=C21)O)O)C3=CC(=C(C=C3)O)O)OC(=O)C4=CC(=C(C(=C4)O)O)O
(-)-Epiafzelechin|C1C(C(OC2=CC(=CC(=C21)O)O)C3=CC=C(C=C3)O)O
Denbufylline|CCCCN1C2=C(C(=O)N(C1=O)CCCC)N(C=N2)CC(=O)C
Propentofylline|CCCN1C=NC2=C1C(=O)N(C(=O)N2C)CCCCC(=O)C
Vicenin-2|C1=CC(=CC=C1C2=CC(=O)C3=C(C(=C(C(=C3O2)C4C(C(C(C(O4)CO)O)O)O)O)C5C(C(C(C(O5)CO)O)O)O)O)O
Theaflavin-3'-O-gallate|C1C(C(OC2=CC(=CC(=C21)O)O)C3=CC(=O)C(=C4C(=C3)C(=CC(=C4O)O)C5C(CC6=C(C=C(C=C6O5)O)O)OC(=O)C7=CC(=C(C(=C7)O)O)O)O)O
Schottenol|CCC(CCC(C)C1CCC2C1(CCC3C2=CCC4C3(CCC(C4)O)C)C)C(C)C
Gingerglycolipid B|CCCCCC=CCC=CCCCCCCCC(=O)OCC(COC1C(C(C(C(O1)COC2C(C(C(C(O2)CO)O)O)O)O)O)O)O
Gingerglycolipid A|CCC=CCC=CCC=CCCCCCCCC(=O)OCC(COC1C(C(C(C(O1)COC2C(C(C(C(O2)CO)O)O)O)O)O)O)O
3-Methylbutanal|CC(C)CC=O
Zingerone|CC(=O)CCC1=CC(=C(C=C1)O)OC
Gingerdiol|CCCCCC(CC(CCC1=CC(=C(C=C1)O)OC)O)O
Bicyclo(3.1.0)hex-2-ene, 5-(1,5-dimethyl-4-hexenyl)-2-methyl-|CC1=CCC2(C1C2)C(C)CCC=C(C)C
Isogingerenone B|COC1=CC(=CC(=C1O)OC)CCC(=O)C=CCCC2=CC(=C(C=C2)O)OC
Gingerenone B|COC1=CC(=CC(=C1O)OC)CCC=CC(=O)CCC2=CC(=C(C=C2)O)OC
Gingerenone A|COC1=C(C=CC(=C1)CCC=CC(=O)CCC2=CC(=C(C=C2)O)OC)O
Shogaol|CCCCCC=CC(=O)CCC1=CC(=C(C=C1)O)OC
1-(4-hydroxy-3-methoxyphenyl)-7-(4-hydroxyphenyl)-(4E)-4-hepten-3-one|COC1=C(C=CC(=C1)CCC(=O)C=CCCC2=CC=C(C=C2)O)O
Methyl-[12]-Gingediol|CCCCCCCCCCCC(CC(CCC1=CC(=C(C=C1)OC)OC)O)O
Heptane|CCCCCCC
Zingiberenol|CC(CCC=C(C)C)C1CCC(C=C1)(C)O
Gingerglycolipid C|CCCCCCCCC=CCCCCCCCC(=O)OCC(COC1C(C(C(C(O1)COC2C(C(C(C(O2)CO)O)O)O)O)O)O)O
Thymol methyl ether|CC1=CC(=C(C=C1)C(C)C)OC
(-)-beta-Bourbonene|CC(C)C1CCC2(C1C3C2CCC3=C)C
(1S,2R,5S)-2-isopropyl-5-methylcyclohexyl acetate|CC1CCC(C(C1)OC(=O)C)C(C)C
Neomenthyl acetate|CC1CCC(C(C1)OC(=O)C)C(C)C
alpha,alpha-Dimethyl-4-methylenecyclohexanemethanol|CC(C)(C1CCC(=C)CC1)O
beta-Cubebene|CC1CCC(C2C13C2C(=C)CC3)C(C)C
Viridiflorene|CC1CCC2=C(CCC3C(C12)C3(C)C)C
Cyclosativene|CC(C)C1CCC2(C3C1C4C2(C4C3)C)C
gamma-Muurolene|CC1=CC2C(CC1)C(=C)CCC2C(C)C
(-)-7-Epi-alpha-selinene|CC1=CCCC2(C1CC(CC2)C(=C)C)C
Citronellal|CC(CCC=C(C)C)CC=O
Citronellol|CC(CCC=C(C)C)CCO
2-Methyl-6-methyleneocta-2,7-dien-4-ol|CC(=CC(CC(=C)C=C)O)C
Menthofuran|CC1CCC2=C(C1)OC=C2C
(-)-Carvomenthone|CC1CCC(CC1=O)C(C)C
Bornyl acetate|CC(=O)OC1CC2CCC1(C2(C)C)C
cis-Sabinene hydrate|CC(C)C12CCC(C1C2)(C)O
Menthol|CC1CCC(C(C1)O)C(C)C
Menthone|CC1CCC(C(=O)C1)C(C)C
alpha-Copaene|CC1=CCC2C3C1C2(CCC3C(C)C)C
alpha-Fenchyl alcohol|CC1(C2CCC(C2)(C1O)C)C
Menthalactone, analytical standard|CC1CC=C2C(C(=O)OC2C1)C
Myrcenol|CC(C)(CCCC(=C)C=C)O
Thujyl alcohol|CC1C2CC2(CC1O)C(C)C
1,4-Cineole|CC(C)C12CCC(O1)(CC2)C
p-Menth-3-en-1-ol|CC(C)C1=CCC(CC1)(C)O
2-Hexanone|CCCCC(=O)C
Heptacosane|CCCCCCCCCCCCCCCCCCCCCCCCCCC
[10]-Gingerdione|CCCCCCCCCC(=O)CC(=O)CCC1=CC(=C(C=C1)O)OC
Undecane|CCCCCCCCCCC
Nonanal|CCCCCCCCC=O
Eudesm-7(11)-en-4-ol|CC(=C1CCC2(CCCC(C2C1)(C)O)C)C
beta-Copaene|CC(C)C1CCC2(C3C1C2C(=C)CC3)C
6-Gingerdiol|CCCCCC(CC(CCC1=CC(=C(C=C1)O)OC)O)O
7-Epi-sesquithujene|CC1=CCC2(C1C2)C(C)CCC=C(C)C
(R)-4-Isopropylcyclohex-2-enone|CC(C)C1CCC(=O)C=C1
(+)-gamma-Gurjunene|CC1CCC(C=C2C1CCC2C)C(=C)C
alpha-Santalol|CC(=CCCC1(C2CC3C1(C3C2)C)C)CO
Cinnamyl acetate|CC(=O)OCC=CC1=CC=CC=C1
Dehydrozingerone|CC(=O)C=CC1=CC(=C(C=C1)O)OC
Seychellene|CC1CCC2(C(=C)C3CCC2(C1C3)C)C
p-Mentha-1,5-dien-7-ol|CC(C)C1CC=C(C=C1)CO
Cinnamyl alcohol|C1=CC=C(C=C1)C=CCO
[6]-Gingerdiol 3,5-diacetate|CCCCCC(CC(CCC1=CC(=C(C=C1)O)OC)OC(=O)C)OC(=O)C
(10)-Gingerol|CCCCCCCCCC(CC(=O)CCC1=CC(=C(C=C1)O)OC)O
1-Octen-3-OL|CCCCCC(C=C)O
Gingerdione|CCCCCC(=O)CC(=O)CCC1=CC(=C(C=C1)O)OC
Geranylgeraniol|CC(=CCCC(=CCCC(=CCCC(=CCO)C)C)C)C
Eudesmane|CC1CCCC2(C1CC(CC2)C(C)C)C
2-Pentanol|CCCC(C)O
Citronellyl formate|CC(CCC=C(C)C)CCOC=O
Geranyllinalool|CC(=CCCC(=CCCC(=CCCC(C)(C=C)O)C)C)C
Hexanal|CCCCCC=O
Nerol oxide|CC1=CCOC(C1)C=C(C)C
Geranyl tiglate|CC=C(C)C(=O)OCC=C(C)CCC=C(C)C
Hedycaryol|CC1=CCCC(=CCC(CC1)C(C)(C)O)C
Acetyleugenol|CC(=O)OC1=C(C=C(C=C1)CC=C)OC
Estragole|COC1=CC=C(C=C1)CC=C
beta-Terpineol|CC(=C)C1CCC(CC1)(C)O
Eicosane|CCCCCCCCCCCCCCCCCCCC
Furan, 3-methyl-2-(3-methyl-2-butenyl)-|CC1=C(OC=C1)CC=C(C)C
2-Methyl-3-buten-2-OL|CC(C)(C=C)O
Phellandral|CC(C)C1CCC(=CC1)C=O
Paradol|CCCCCCCC(=O)CCC1=CC(=C(C=C1)O)OC
Citronellyl acetate|CC(CCC=C(C)C)CCOC(=O)C
(Z)-beta-Ocimenol|
Cedr-8-en-13-ol|CC1CCC2C13CC=C(C(C3)C2(C)CO)C
(8)-Gingerdione|CCCCCCCC(=O)CC(=O)CCC1=CC(=C(C=C1)O)OC
[6]-Dehydrogingerdione|CCCCCC(=O)CC(=O)C=CC1=CC(=C(C=C1)O)OC
4',6-Dichloroflavan|C1CC2=C(C=CC(=C2)Cl)OC1C3=CC=C(C=C3)Cl
Heptadecane|CCCCCCCCCCCCCCCCC
6-Gingesulfonic acid|CCCCCC(CC(=O)CCC1=CC(=C(C=C1)O)OC)S(=O)(=O)O
Pentyl acetate|CCCCCOC(=O)C
Bulnesol|CC1CCC2=C(CCC(CC12)C(C)(C)O)C
Verbenene|CC1(C2CC1C(=C)C=C2)C
Citronellyl propionate|CCC(=O)OCCC(C)CCC=C(C)C
Heptyl acetate|CCCCCCCOC(=O)C
beta-Calacorene|CC1=CC2=C(C=C1)C(=C)CCC2C(C)C
p-Mentha-1,5-dien-8-ol|CC1=CCC(C=C1)C(C)(C)O
Humulane-1,6-dien-3-ol|CC1CC(C=C(CCCC(C=C1)(C)C)C)O
Artesin[sesquiterpene]|CC1C2CCC3(C(CCC(=C3C2OC1=O)C)O)C
6-Methylhept-5-en-2-ol|CC(CCC=C(C)C)O
Benzyl benzoate|C1=CC=C(C=C1)COC(=O)C2=CC=CC=C2
Zingiberol|CC12CCCC(=C)C1CC(CC2)C(C)(C)O
(8)-Gingerol|CCCCCCCC(CC(=O)CCC1=CC(=C(C=C1)O)OC)O
(-)-alpha-Himachalene|CC1=CC2C(CC1)C(=C)CCCC2(C)C
Thujopsene|CC1=CCC2(CCCC(C23C1C3)(C)C)C
3-Methyl-2-pentanol|CCC(C)C(C)O
(4S)-1-Methyl-4-(prop-1-EN-2-YL)-7-oxabicyclo[4.1.0]heptane|CC(=C)C1CCC2(C(C1)O2)C
Cadina-1,4-diene|CC1CCC(C2C1=CCC(=C2)C)C(C)C
alpha-Terpinyl acetate|CC1=CCC(CC1)C(C)(C)OC(=O)C
2-Hexenal|CCCC=CC=O
Germacra-1(10),5-dien-4-ol|CC1=CCCC(C=CC(CC1)C(C)C)(C)O
alpha-Fenchyl acetate|CC(=O)OC1C(C2CCC1(C2)C)(C)C
Gingerol|CCCCCC(CC(=O)CCC1=CC(=C(C=C1)O)OC)O
cis,cis-Farnesol|CC(=CCCC(=CCCC(=CCO)C)C)C
(E,Z)-farnesol|CC(=CCCC(=CCCC(=CCO)C)C)C
(2Z,6E)-Farnesol|CC(=CCCC(=CCCC(=CCO)C)C)C
Isoeugenol|CC=CC1=CC(=C(C=C1)O)OC
Neryl acetate|CC(=CCCC(=CCOC(=O)C)C)C
alpha-Eudesmol|CC1=CCCC2(C1CC(CC2)C(C)(C)O)C
Methyl cinnamate|COC(=O)C=CC1=CC=CC=C1
alpha-Zingiberene|CC1=CCC(C=C1)C(C)CCC=C(C)C
(Z)-gamma-bisabolene|CC1=CCC(=C(C)CCC=C(C)C)CC1
Elemol|CC(=C)C1CC(CCC1(C)C=C)C(C)(C)O
Valencene|CC1CCC=C2C1(CC(CC2)C(=C)C)C
beta-Thujone|CC1C2CC2(CC1=O)C(C)C
(+)-alpha-Funebrene|CC1CCC2C13CC=C(C(C3)C2(C)C)C
gamma-Eudesmol|CC1=C2CC(CCC2(CCC1)C)C(C)(C)O
cis-Cinnamaldehyde|C1=CC=C(C=C1)C=CC=O
Carveol|CC1=CCC(CC1O)C(=C)C
o-Xylene|CC1=CC=CC=C1C
Dihydrocarveol|CC1CCC(CC1O)C(=C)C
(1S,2S,6S,7R,8R)-1,3-dimethyl-8-propan-2-yltricyclo[4.4.0.02,7]dec-3-ene|
p-Menthan-3-one|CC1CCC(C(=O)C1)C(C)C
P-Mentha-2,8-dien-1-ol|CC(=C)C1CCC(C=C1)(C)O
trans-Calamenene|CC1CCC(C2=C1C=CC(=C2)C)C(C)C
(Z)-p-Menth-2-en-1-ol|CC(C)C1CCC(C=C1)(C)O
1-Methylene-4-(1-methylvinyl)cyclohexane|CC(=C)C1CCC(=C)CC1
1,3,3-Trimethyl-2-oxabicyclo[2.2.2]octan-6-ol|CC1(C2CCC(O1)(C(C2)O)C)C
3,6-Octadienal, 3,7-dimethyl-|CC(=CCC=C(C)CC=O)C
2,6-Dimethylocta-3,7-diene-1,6-diol|CC(=CCCC(C)(C=C)O)CO
Farnesal|CC(=CCCC(=CCCC(=CC=O)C)C)C
Zizanene|CC1=CC2C(CC1)C(=CCC2C(C)C)C
Cedr-8-ene|CC1CCC2C13CC=C(C(C3)C2(C)C)C
Caswell No. 264AB|CC1CCC(C2C13C2C(=CC3)C)C(C)C
Cedrol|CC1CCC2C13CCC(C(C3)C2(C)C)(C)O
Calamenene|CC1CCC(C2=C1C=CC(=C2)C)C(C)C
Nerolic acid|CC(=CCCC(=CC(=O)O)C)C
(S)-cis-Verbenol|CC1=CC(C2CC1C2(C)C)O
Copaene|CC1=CCC2C3C1C2(CCC3C(C)C)C
Fenchol|CC1(C2CCC(C2)(C1O)C)C
Italicene|CC1CCC2C13CCC(=CC3C2(C)C)C
alpha-Muurolol|CC1CCC2C(C1)C(CCC2(C)O)C(C)C
Rose oxide|CC1CCOC(C1)C=C(C)C
gamma-Cadinene|CC1=CC2C(CC1)C(=C)CCC2C(C)C
trans-Verbenol|CC1=CC(C2CC1C2(C)C)O
(-)-Zingiberene|CC1=CCC(C=C1)C(C)CCC=C(C)C
3-Nonen-2-one|CCCCCC=CC(=O)C
1-endo-Bourbonanol|CC(C)C1(CCC2(C1C3C2CCC3=C)C)O
gamma-Camphorene|CC(=CCCC1=CCCC(C1)C(=C)CCC=C(C)C)C
trans-beta-Sesquiphellandrol|CC(CCC=C(C)C)C1CC(C(=C)C=C1)O
2-Methyl-6-(4-methylcyclohexa-1,3-dien-1-yl)hept-2-en-4-one|CC1=CC=C(CC1)C(C)CC(=O)C=C(C)C
(2E)-2-methyl-6-[(1S)-4-methylcyclohex-3-en-1-yl]hepta-2,6-dien-1-ol|CC1=CCC(CC1)C(=C)CCC=C(C)CO
1,1-Dicyclopropylethylene|C=C(C1CC1)C2CC2
4,4-Dimethylpent-2-enal|CC(C)(C)C=CC=O
1-Hydroxydecan-3-one|CCCCCCCC(=O)CCO
Phenyl propionate|CCC(=O)OC1=CC=CC=C1
Tetradecyl acrylate|CCCCCCCCCCCCCCOC(=O)C=C
trans-beta-Bergamotene|CC(=CCCC1(C2CCC(=C)C1C2)C)C
Hexahydrocurcumin|COC1=C(C=CC(=C1)CCC(CC(=O)CCC2=CC(=C(C=C2)O)OC)O)O
omega-Cadinene|CC1=C2CC=C(CC2C(CC1)C(C)C)C
2,5-Dimethylbenzoic acid|CC1=CC(=C(C=C1)C)C(=O)O
trans-2-Hepten-1-ol|CCCCC=CCO
Dimethylionone|CCC(=O)C(=CC1C(=CCCC1(C)C)C)C
(8)-Shogaol|CCCCCCCC=CC(=O)CCC1=CC(=C(C=C1)O)OC
[10]-Shogaol|CCCCCCCCCC=CC(=O)CCC1=CC(=C(C=C1)O)OC
2-Ethyl-5-methylfuran|CCC1=CC=C(O1)C
Tert-dodecylthiol|
Zerumbone|CC1=CCC(C=CC(=O)C(=CCC1)C)(C)C
(5S)-5-hydroxy-1-(4-hydroxy-3-methoxyphenyl)octan-3-one|CCCC(CC(=O)CCC1=CC(=C(C=C1)O)OC)O
Zerumbodienone|CC1CCC=C(C(=O)C=CC(CC1)(C)C)C
1-Dehydro-10-gingerdione|CCCCCCCCCC(=O)CC(=O)C=CC1=CC(=C(C=C1)O)OC
Thiamine|CC1=C(SC=[N+]1CC2=CN=C(N=C2N)C)CCO
Galanolactone|CC1(CCCC2(C1CCC3(C2CC=C4CCOC4=O)CO3)C)C
6-Hydroxyshogaol|CCCCC(C=CC(=O)CCC1=CC(=C(C=C1)O)OC)O
Angelicoidenol|CC1(C2CC(C1(CC2O)C)O)C
5-Hydroxy-1-(4-hydroxy-3-methoxyphenyl)undecan-3-one|
Octanoic acid|CCCCCCCC(=O)O
Pyrrolidine|C1CCNC1
Selina-4(15),7(11)-diene|CC(=C1CCC2(CCCC(=C)C2C1)C)C
1-(3,5-Dimethoxy-4-hydroxyphenyl)-7-(3-methoxy-4-hydroxyphenyl)-3,5-diacetoxyheptane|CC(=O)OC(CCC1=CC(=C(C=C1)O)OC)CC(CCC2=CC(=C(C(=C2)OC)O)OC)OC(=O)C
[4]-Gingerdiol 3,5-diacetate|CCCC(CC(CCC1=CC(=C(C=C1)O)OC)OC(=O)C)OC(=O)C
1-(4-Hydroxy-3-methoxyphenyl)tetradecane-3,5-diol|CCCCCCCCCC(CC(CCC1=CC(=C(C=C1)O)OC)O)O
Dehydro-10-gingerdione|CCCCCCCCCC(=O)C=C(C=CC1=CC(=C(C=C1)O)OC)O
Cuparene|CC1=CC=C(C=C1)C2(CCCC2(C)C)C
Cumene|CC(C)C1=CC=CC=C1
[5]-Gingerol|CCCCC(CC(=O)CCC1=CC(=C(C=C1)O)OC)O
[12]-Gingerol|CCCCCCCCCCCC(CC(=O)CCC1=CC(=C(C=C1)O)OC)O
[2]-Gingerol|CC(CC(=O)CCC1=CC(=C(C=C1)O)OC)O
[3]-Gingerol|CCC(CC(=O)CCC1=CC(=C(C=C1)O)OC)O
9-Gingerol|CCCCCCCCC(CC(=O)CCC1=CC(=C(C=C1)O)OC)O
(3S,5S)-1,7-Bis(3,4-dihydroxyphenyl)heptane-3,5-diol 3,5-diacetate|CC(=O)OC(CCC1=CC(=C(C=C1)O)O)CC(CCC2=CC(=C(C=C2)O)O)OC(=O)C
8-Isopropyl-2,5-dimethyl-1,2,3,4-tetrahydronaphthalene|CC1CCC2=C(C=CC(=C2C1)C(C)C)C
Pipecolic acid|C1CCNC(C1)C(=O)O
(+)-Borneol|CC1(C2CCC1(C(C2)O)C)C
(+)-Camphene|CC1(C2CCC(C2)C1=C)C
Raffinose|C(C1C(C(C(C(O1)OCC2C(C(C(C(O2)OC3(C(C(C(O3)CO)O)O)CO)O)O)O)O)O)O)O
D-Fructose|C1C(C(C(C(O1)(CO)O)O)O)O
beta-D-glucosyl crocetin|CC(=CC=CC=C(C)C=CC=C(C)C(=O)OC1C(C(C(C(O1)CO)O)O)O)C=CC=C(C)C(=O)O
Neocrocin A|C(C1C(C(C(C(O1)OCC2C(C(C(C(O2)O)OC(=O)C=CC=CC=CC=CC=CC=CC=CC(=O)OC3C(C(C(C(O3)COC4C(C(C(C(O4)CO)O)O)O)O)O)O)O)O)O)O)O)O
2-Cyclohexene-1,4-dione, 2-hydroxy-3,5,5-trimethyl-|CC1=C(C(=O)CC(C1=O)(C)C)O
beta-D-gentiobiosyl crocetin|CC(=CC=CC=C(C)C=CC=C(C)C(=O)OC1C(C(C(C(O1)COC2C(C(C(C(O2)CO)O)O)O)O)O)O)C=CC=C(C)C(=O)O
2,2,6-Trimethylcyclohexane-1,4-dione|CC1CC(=O)CC(C1=O)(C)C
Crocetin gentiobiosylglucosyl ester|CC(=CC=CC=C(C)C=CC=C(C)C(=O)OC1C(C(C(C(O1)COC2C(C(C(C(O2)CO)O)O)O)O)O)O)C=CC=C(C)C(=O)OC3C(C(C(C(O3)CO)O)O)O
Phytoene|CC(=CCCC(=CCCC(=CCCC(=CC=CC=C(C)CCC=C(C)CCC=C(C)CCC=C(C)C)C)C)C)C
gamma-Carotene|CC1=C(C(CCC1)(C)C)C=CC(=CC=CC(=CC=CC=C(C)C=CC=C(C)C=CC=C(C)CCC=C(C)C)C)C
Colchicine|CC(=O)NC1CCC2=CC(=C(C(=C2C3=CC=C(C(=O)C=C13)OC)OC)OC)OC
Isophorone|CC1=CC(=O)CC(C1)(C)C
2,6,6-Trimethyl-2-cyclohexene-1,4-dione|CC1=CC(=O)CC(C1=O)(C)C
Picrocrocin|CC1=C(C(CC(C1)OC2C(C(C(C(O2)CO)O)O)O)(C)C)C=O
Naphthalene|C1=CC=C2C=CC=CC2=C1
Crocetin|CC(=CC=CC=C(C)C=CC=C(C)C(=O)O)C=CC=C(C)C(=O)O
Crocin|CC(=CC=CC=C(C)C=CC=C(C)C(=O)OC1C(C(C(C(O1)COC2C(C(C(C(O2)CO)O)O)O)O)O)O)C=CC=C(C)C(=O)OC3C(C(C(C(O3)COC4C(C(C(C(O4)CO)O)O)O)O)O)O
13-cis-Crocin|CC(=CC=CC=C(C)C=CC=C(C)C(=O)OC1C(C(C(C(O1)COC2C(C(C(C(O2)CO)O)O)O)O)O)O)C=CC=C(C)C(=O)OC3C(C(C(C(O3)COC4C(C(C(C(O4)CO)O)O)O)O)O)O
2-Butenoic acid|CC=CC(=O)O
Lycopene|CC(=CCCC(=CC=CC(=CC=CC(=CC=CC=C(C)C=CC=C(C)C=CC=C(C)CCC=C(C)C)C)C)C)C
Hexadecane|CCCCCCCCCCCCCCCC
Petunidin|COC1=CC(=CC(=C1O)O)C2=[O+]C3=CC(=CC(=C3C=C2O)O)O
Crocin-4|CC(=CC=CC=C(C)C=CC=C(C)C(=O)OC1C(C(C(C(O1)CO)O)O)O)C=CC=C(C)C(=O)OC
Isoamyl alcohol|CC(C)CCO
Isoamyl acetate|CC(C)CCOC(=O)C
Crosatoside A|CC1C(C(C(C(O1)OC2C(C(C(OC2OC3=C(C=C(C=C3)C4=C(C(=O)C5=C(C=C(C=C5O4)O)O)O)OC)CO)O)O)O)O)O
Phenethyl acetate|CC(=O)OCCC1=CC=CC=C1
Ethyl octanoate|CCCCCCCC(=O)OCC
crosatoside B|CC1C(C(C(C(O1)OC2C(C(C(OC2OCCC3=CC=C(C=C3)O)CO)O)O)O)O)O
Mangicrocin|CC(=CC=CC=C(C)C=CC=C(C)OC(=O)CC1C(C(C(C(O1)C2=C(C3=C(C=C2O)OC4=CC(=C(C=C4C3=O)O)O)O)O)O)O)C=CC=C(C)C(=O)OC5C(C(C(C(O5)CO)O)O)O
[(2R,3S,6S)-6-[2-(3,4-dihydroxyphenyl)-5,7-dihydroxy-4-oxochromen-3-yl]oxy-3,4,5-trihydroxyoxan-2-yl]methyl (E)-3-(4-hydroxyphenyl)prop-2-enoate|
Astragalin|C1=CC(=CC=C1C2=C(C(=O)C3=C(C=C(C=C3O2)O)O)OC4C(C(C(C(O4)CO)O)O)O)O
Ferulic acid|COC1=C(C=CC(=C1)C=CC(=O)O)O
Dehydroascorbic acid|C(C(C1C(=O)C(=O)C(=O)O1)O)O
4-Phenyl-5-methoxyfuran-2(5H)-one|COC1C(=CC(=O)O1)C2=CC=CC=C2
4-Hydroxy-2,6,6-trimethyl-3-oxo-1,4-cyclohexadiene-1-carboxaldehyde|CC1=C(C(C=C(C1=O)O)(C)C)C=O
3,8-Dihydroxy-1-methylanthraquinone-2-carboxylic acid|CC1=C2C(=CC(=C1C(=O)O)O)C(=O)C3=C(C2=O)C(=CC=C3)O
(3S)-3-hydroxycyclocitral|CC1=C(C(CC(C1)O)(C)C)C=O
4-Hydroxy-3,5,5-trimethylcyclohex-2-enone|CC1=CC(=O)CC(C1O)(C)C
Dactylin|COC1=C(C=CC(=C1)C2=C(C(=O)C3=C(C=C(C=C3O2)O)O)OC4C(C(C(C(O4)CO)O)O)O)OC5C(C(C(C(O5)CO)O)O)O
Phytofluene|CC(=CCCC(=CCCC(=CCCC(=CC=CC=C(C)C=CC=C(C)CCC=C(C)CCC=C(C)C)C)C)C)C
Xanthone|C1=CC=C2C(=C1)C(=O)C3=CC=CC=C3O2
Dicrocin|CC(=CC=CC=C(C)C=CC=C(C)C(=O)OC1C(C(C(C(O1)CO)O)O)O)C=CC=C(C)C(=O)OC2C(C(C(C(O2)CO)O)O)O
alpha-Crocetin|CC(=CC=CC=C(C)C=CC=C(C)C(=O)O)C=CC=C(C)C(=O)O
Flavonol 3-O-D-glucoside|C1=CC=C(C=C1)C2=C(C(=O)C3=CC=CC=C3O2)OC4C(C(C(C(O4)CO)O)O)O
Zeaxanthin|CC1=C(C(CC(C1)O)(C)C)C=CC(=CC=CC(=CC=CC=C(C)C=CC=C(C)C=CC2=C(CC(CC2(C)C)O)C)C)C
Thujone|CC1C2CC2(CC1=O)C(C)C
Skimmianine|COC1=C(C2=C(C=C1)C(=C3C=COC3=N2)OC)OC
beta-Belladonnine|CN1C2CCC1CC(C2)OC(=O)C3CCC(C4=CC=CC=C34)(C5=CC=CC=C5)C(=O)OC6CC7CCC(C6)N7C
Hyoscine|CN1C2CC(CC1C3C2O3)OC(=O)C(CO)C4=CC=CC=C4
Apoatropin|CN1C2CCC1CC(C2)OC(=O)C(=C)C3=CC=CC=C3
Aposcopolamine|CN1C2CC(CC1C3C2O3)OC(=O)C(=C)C4=CC=CC=C4
Atropine oxide|C[N+]1(C2CCC1CC(C2)OC(=O)C(CO)C3=CC=CC=C3)[O-]
Acetosyringone|CC(=O)C1=CC(=C(C(=C1)OC)O)OC
Acetovanillone|CC(=O)C1=CC(=C(C=C1)O)OC
Methyl vanillate|COC1=C(C=CC(=C1)C(=O)OC)O
Nonacosane, 2,3-dimethyl-|
Hyoscine N-oxide|C[N+]1(C2CC(CC1C3C2O3)OC(=O)C(CO)C4=CC=CC=C4)[O-]
6beta-Hydroxyhyoscyamine|CN1C2CC(CC1C(C2)O)OC(=O)C(CO)C3=CC=CC=C3
Raceanisodamine|CN1C2CC(CC1C(C2)O)OC(=O)C(CO)C3=CC=CC=C3
Cannabisin D|COC1=C(C=CC(=C1)C2C(C(=CC3=CC(=C(C=C23)O)OC)C(=O)NCCC4=CC=C(C=C4)O)C(=O)NCCC5=CC=C(C=C5)O)O
1,24-Tetracosanediol diferulate|COC1=C(C=CC(=C1)C=CC(=O)OCCCCCCCCCCCCCCCCCCCCCCCCOC(=O)C=CC2=CC(=C(C=C2)O)OC)O
Balanophonin|COC1=CC(=CC2=C1OC(C2CO)C3=CC(=C(C=C3)O)OC)C=CC=O
Phytic acid|C1(C(C(C(C(C1OP(=O)(O)O)OP(=O)(O)O)OP(=O)(O)O)OP(=O)(O)O)OP(=O)(O)O)OP(=O)(O)O
1,2-Dilinoleoyl-sn-glycerol|CCCCCC=CCC=CCCCCCCCC(=O)OCC(CO)OC(=O)CCCCCCCC=CCC=CCCCCC
Daturalactone 4|CC(C1CCC2C1(CCC3C2C4C(O4)C5(C3(C(=O)C=CC5)C)O)C)C6CC7(C(O7)(C(=O)O6)C)C
Cannabisin G|COC1=C(C=CC(=C1)C=C(C(=CC2=CC(=C(C=C2)O)OC)C(=O)NCCC3=CC=C(C=C3)O)C(=O)NCCC4=CC=C(C=C4)O)O
Hyoscyamide|COC1=C(C=CC(=C1)C=C(C(=CC2=CC(=C(C=C2)O)OC)C(=O)NCCC3=CC=C(C=C3)O)C(=O)NCCC4=CC=C(C=C4)O)O
1-Stearoyl-sn-glycerol|CCCCCCCCCCCCCCCCCC(=O)OCC(CO)O
Cleomiscosin A|COC1=C(C=CC(=C1)C2C(OC3=C4C(=CC(=C3O2)OC)C=CC(=O)O4)CO)O
3-Benzofurancarboxamide, 2,3-dihydro-2-(4-hydroxy-3-methoxyphenyl)-N-(2-(4-hydroxyphenyl)ethyl)-5-((1E)-3-((2-(4-hydroxyphenyl)ethyl)amino)-3-oxo-1-propenyl)-7-methoxy-, (2R,3R)-rel-|COC1=CC(=CC2=C1OC(C2C(=O)NCCC3=CC=C(C=C3)O)C4=CC(=C(C=C4)O)OC)C=CC(=O)NCCC5=CC=C(C=C5)O
(2R,3R)-2-(4-hydroxy-3-methoxyphenyl)-3-(hydroxymethyl)-5-methoxy-2,3-dihydropyrano[3,2-h][1,4]benzodioxin-9-one|COC1=C(C=CC(=C1)C2C(OC3=C(C=C4C=CC(=O)OC4=C3O2)OC)CO)O
Moupinamide|COC1=C(C=CC(=C1)C=CC(=O)NCCC2=CC=C(C=C2)O)O
Hyosgerin|CC(=O)OCC1C(OC2=C3C(=CC(=C2O1)OC)C=CC(=O)O3)C4=CC(=C(C=C4)O)OC
Pongamoside D|COC1=C(OC2=C(C1=O)C=CC(=C2)OC3C(C(C(C(O3)CO)O)O)O)C4=CC5=C(C=C4)OCO5
Pongamoside C|COC1=C(OC2=C3C=COC3=C(C=C2C1=O)OC4C(C(C(C(O4)CO)O)O)O)C5=CC=CC=C5
Hyoscyamilactol|CC(C1CCC2C1(CCC3C2C4C(O4)C5(C3(C(=O)C=CC5)C)O)C)C6CC7(C(O7)(C(O6)O)C)C
Hyoscyamal|CN1C2CCC1(CC(C2)OC(=O)C(CO)C3=CC=CC=C3)C=O
16alpha-Acetoxyhyoscyamilactol|CC(C1CC2(C(O2)(C(O1)O)C)C)C3C(CC4C3(CCC5C4C6C(O6)C7(C5(C(=O)C=CC7)C)O)C)OC(=O)C
Scopoline|CN1C2CC3CC1C(C2O)O3
Dimethylamine hydrochloride|CNC.Cl
Cysteic Acid|C(C(C(=O)O)N)S(=O)(=O)O
-phenylalanine|
Scopolin|COC1=C(C=C2C(=C1)C=CC(=O)O2)OC3C(C(C(C(O3)CO)O)O)O
Umbelliferone|C1=CC(=CC2=C1C=CC(=O)O2)O
Triacontane|CCCCCCCCCCCCCCCCCCCCCCCCCCCCCC
Pentatriacontane|CCCCCCCCCCCCCCCCCCCCCCCCCCCCCCCCCCC
Apigenin-7-o-glucuronide|C1=CC(=CC=C1C2=CC(=O)C3=C(C=C(C=C3O2)OC4C(C(C(C(O4)C(=O)O)O)O)O)O)O
Bacopaside I|CC(=CC1COC23CC4(CO2)C(C3C1(C)O)CCC5C4(CCC6C5(CCC(C6(C)C)OC7C(C(C(CO7)O)OC8C(C(C(C(O8)COS(=O)(=O)O)O)O)O)OC9C(C(C(O9)CO)O)O)C)C)C
Plantainoside B|C1=CC(=C(C=C1CCOC2C(C(C(C(O2)CO)O)O)OC(=O)C=CC3=CC(=C(C=C3)O)O)O)O
Cynaroside|C1=CC(=C(C=C1C2=CC(=O)C3=C(C=C(C=C3O2)OC4C(C(C(C(O4)CO)O)O)O)O)O)O
Bacoside B|CC(=CCCC(C)(C1C2CCC3C(C2(CC1=O)C)(CCC4C3(CCC(C4(C)C)OC5C(C(C(C(O5)CO)OC6C(C(C(CO6)O)O)O)O)O)CO)C)O)C
Bacoside A|CC(=CCCC(C)(C1C2CCC3C(C2(CC1=O)C)(CCC4C3(CCC(C4(C)C)OC5C(C(C(C(O5)CO)OC6C(C(C(CO6)O)O)O)O)O)CO)C)O)C
Stigmastanol|CCC(CCC(C)C1CCC2C1(CCC3C2CCC4C3(CCC(C4)O)C)C)C(C)C
Dotriacontane|CCCCCCCCCCCCCCCCCCCCCCCCCCCCCCCC
Jujubogenin|CC(=CC1CC(C2C3CCC4C5(CCC(C(C5CCC4(C36CC2(O1)OC6)C)(C)C)O)C)(C)O)C
Bacogenin a2|
Bacogenin-a1|
Pseudojujubogenin|CC(=CC1COC23CC4(CO2)C(C3C1(C)O)CCC5C4(CCC6C5(CCC(C6(C)C)O)C)C)C
Strychnine|C1CN2CC3=CCOC4CC(=O)N5C6C4C3CC2C61C7=CC=CC=C75
Bacosine|CC(=C)C1CCC2(C1C3CCC4C5(CCC(C(C5CCC4(C3(CC2)C(=O)O)C)(C)C)O)C)C
Bacoside A3|CC(=CC1CC(C2C3CCC4C5(CCC(C(C5CCC4(C36CC2(O1)OC6)C)(C)C)OC7C(C(C(C(O7)CO)O)OC8C(C(C(C(O8)CO)O)O)O)OC9C(C(C(O9)CO)O)O)C)(C)O)C
Ebelin lactone|CC(=CC=CC(=CC1CCC2C3(CCC(C(C3CCC2(C14CC(=O)OC4)C)(C)C)O)C)C)C
Nonacosane|CCCCCCCCCCCCCCCCCCCCCCCCCCCCC
4-Hydroxy-2H-pyran-3-carboxaldehyde|C1C(=CO)C(=O)C=CO1
Stigmastenol|CC(C)C(CCC(C)C1CCC2C1(CCC3C2CCC4C3(CCCC4)C)C)C=CO
Apigenin 7-glucuronide|C1=CC(=CC=C1C2=CC(=O)C3=C(C=C(C=C3O2)OC4C(C(C(C(O4)C(=O)O)O)O)O)O)O
alpha-Bisabololbeta-D-fucopyranoside|CC1C(C(C(C(O1)OC(C)(CCC=C(C)C)C2CCC(=CC2)C)O)O)O
Cartorimine|C1=CC(=CC=C1C2C(C3C(=O)C=CC2(O3)CO)C(=O)O)O
Deca-4,6-diyn-1-yl 3-methylbutanoate|CCCC#CC#CCCCOC(=O)CC(C)C
Tracheloside|COC1=C(C=C(C=C1)CC2COC(=O)C2(CC3=CC(=C(C=C3)OC4C(C(C(C(O4)CO)O)O)O)OC)O)OC
Tetracosenoic acid|CCCCCCCCCCCCCCCCCCCCCC=CC(=O)O
Hydroxysafflor Yellow A|C1=CC(=CC=C1C=CC(=C2C(=C(C(=O)C(C2=O)(C3C(C(C(C(O3)CO)O)O)O)O)C4C(C(C(C(O4)CO)O)O)O)O)O)O
Stigmast-7-enol|CCC(CCC(C)C1CCC2C1(CCC3C2=CCC4C3(CCC(C4)O)C)C)C(C)C
Cellobioside|COC1C(C(C(C(O1)CO)CC2C(C(C(C(O2)CO)O)O)O)O)O
1-Tridecene-3,5,7,9,11-pentayne|CC#CC#CC#CC#CC#CC=C
1-Pentadecene|CCCCCCCCCCCCCC=C
Carthamone|C1=CC(=CC=C1C=CC(=O)C2=C(C(=O)C(=O)C=C2O)OC3C(C(C(C(O3)CO)O)O)O)O
Syringin|COC1=CC(=CC(=C1OC2C(C(C(C(O2)CO)O)O)O)OC)C=CCO
Safflor Yellow B|C1=CC(=CC=C1C=CC(=C2C(=C(C(=O)C(C2=O)(C3C(C(C(C(O3)CO)O)O)O)O)C(C4=C(C(=C(C=CC5=CC=C(C=C5)O)O)C(=O)C(C4=O)(C6C(C(C(C(O6)CO)O)O)O)O)O)C(C(C(C(CO)O)O)O)O)O)O)O
Safflor yellow a|C1=CC(=CC=C1C=CC(=O)C2=C(C3=C(C(C2=O)(C4C(C(C(C(O4)CO)O)O)O)O)OC5C3OC(C(C5O)O)CO)O)O
5-[(E)-[(3R,4R,5R)-3,4-dihydroxy-5-(hydroxymethyl)pyrrolidin-2-ylidene]-hydroxymethyl]-6-hydroxy-2-[(E)-1-hydroxy-3-(4-hydroxyphenyl)prop-2-enylidene]-6-[(2R,3R,4S,5S,6R)-3,4,5-trihydroxy-6-(hydroxymethyl)oxan-2-yl]cyclohex-4-ene-1,3-dione|
Safflamin C|C1=CC(=CC=C1C=CC(=C2C(=C(C(=O)C(C2=O)(C3C(C(C(C(O3)CO)O)O)O)O)C(CC(=O)O)C4=CC=C(C=C4)O)O)O)O
Quercetin-3,7-diglucoside|C1=CC(=C(C=C1C2=C(C(=O)C3=C(C=C(C=C3O2)OC4C(C(C(C(O4)CO)O)O)O)O)OC5C(C(C(C(O5)CO)O)O)O)O)O
(2R,6Z)-6-[[(3Z,5S)-2,5-dihydroxy-3-[(E)-1-hydroxy-3-(4-hydroxyphenyl)prop-2-enylidene]-4,6-dioxo-5-[(2R,3R,4S,5S,6R)-3,4,5-trihydroxy-6-(hydroxymethyl)oxan-2-yl]cyclohexen-1-yl]methylidene]-2,5-dihydroxy-4-[(E)-3-(4-hydroxyphenyl)prop-2-enoyl]-2-[(2R,3R,|
Scutellarein|C1=CC(=CC=C1C2=CC(=O)C3=C(O2)C=C(C(=C3O)O)O)O
Quercetin-3-glucoside|C1=CC(=C(C=C1C2=C(C(=O)C3=C(C=C(C=C3O2)O)O)OC4C(C(C(C(O4)CO)O)O)O)O)O
Matairesinol|COC1=C(C=CC(=C1)CC2COC(=O)C2CC3=CC(=C(C=C3)O)OC)O
Serotobenine|COC1=C(C=CC(=C1)C2C3C4=C(O2)C=CC5=C4C(=CN5)CCNC3=O)O
Glycerol 1,2-di-(9Z-octadecenoate) 3-octadecanoate|CCCCCCCCCCCCCCCCCC(=O)OCC(COC(=O)CCCCCCCC=CCCCCCCCC)OC(=O)CCCCCCCC=CCCCCCCCC
1,2-Dilinoleoyl-3-palmitin|CCCCCCCCCCCCCCCC(=O)OCC(COC(=O)CCCCCCCC=CCC=CCCCCC)OC(=O)CCCCCCCC=CCC=CCCCCC
1,2-Dioleoyl-3-linoleoyl-rac-glycerol|CCCCCCCCC=CCCCCCCCC(=O)OCC(COC(=O)CCCCCCCC=CCC=CCCCCC)OC(=O)CCCCCCCC=CCCCCCCCC
1,2-Dilinoleoyl-3-oleoyl-rac-glycerol|CCCCCCCCC=CCCCCCCCC(=O)OCC(COC(=O)CCCCCCCC=CCC=CCCCCC)OC(=O)CCCCCCCC=CCC=CCCCCC
Neocarthamin|C1C(OC2=C(C1=O)C(=C(C(=C2)O)O)OC3C(C(C(C(O3)CO)O)O)O)C4=CC=C(C=C4)O
(E)-1,11-Tridecadiene-3,5,7,9-tetrayne|CC=CC#CC#CC#CC#CC=C
1,8,11,14-Heptadecatetraene|CCC=CCC=CCC=CCCCCCC=C
(Z,Z,Z)-Heptadeca-1,8,11,14-tetraene|CCC=CCC=CCC=CCCCCCC=C
Moschamine|COC1=C(C=CC(=C1)C=CC(=O)NCCC2=CNC3=C2C=C(C=C3)O)O
Nb-p-Coumaroyltryptamine|C1=CC=C2C(=C1)C(=CN2)CCNC(=O)C=CC3=CC=C(C=C3)O
N-Coumaroyl serotonin|C1=CC(=CC=C1C=CC(=O)NCCC2=CNC3=C2C=C(C=C3)O)O
1,3(E),5(Z),11(E)-Tridecatetraen-7,9-diyne|CC=CC#CC#CC=CC=CC=C
1,3,11-Tridecatriene-5,7,9-triyne, (Z,E)-|CC=CC#CC#CC#CC=CC=C
beta-Maltose|C(C1C(C(C(C(O1)OC2C(OC(C(C2O)O)O)CO)O)O)O)O
alpha-Asarone|CC=CC1=CC(=C(C=C1OC)OC)OC
3,4,5-Trimethoxytoluene|CC1=CC(=C(C(=C1)OC)OC)OC
Glycerides, C14-18|CCCCCCCCCCCCC(=O)OCC(CO)O
Paeonol|CC(=O)C1=C(C=C(C=C1)OC)O
D-erythro-Pentose, 2-deoxy-|C(C=O)C(C(CO)O)O
(6R,8S)-hentriacontane-6,8-diol|
Heptacosane-6,8-diol|CCCCCCCCCCCCCCCCCCCC(CC(CCCCC)O)O
Kinobeon A|COC1=CC(=CC=CC=C2C=C(C(=O)C(=C2)OC)OC)C=C(C1=O)OC
Dotriacontane-6,8-diol|CCCCCCCCCCCCCCCCCCCCCCCCC(CC(CCCCC)O)O
2-Heptenal|CCCCC=CC=O
2-Heptenal, (Z)-|CCCCC=CC=O
2,4-Decadienal|CCCCCC=CC=CC=O
2-Penten-1-OL|CCC=CCO
(Z,Z)-1,3,11-Tridecatriene-5,7,9-triyne|CC=CC#CC#CC#CC=CC=C
(Z)-1,3-Tridecadiene-5,7,9,11-tetrayne|CC#CC#CC#CC#CC=CC=C
Dehydrosafynol|CC=CC#CC#CC#CC#CC(CO)O
Tiglic aldehyde|CC=C(C)C=O
trans-2-Pentenal|CCC=CC=O
(2R,3E,11E)-trideca-3,11-dien-5,7,9-triyne-1,2-diol|CC=CC#CC#CC#CC=CC(CO)O
Pentacosane-6,8-diol|CCCCCCCCCCCCCCCCCC(CC(CCCCC)O)O
Pentanal|CCCCC=O
Corbisterol|CCC(C=CC(C)C1CCC2C1(CCC3C2=CC=C4C3(CCC(C4)O)C)C)C(C)C
Nonacosane-6,8-diol|CCCCCCCCCCCCCCCCCCCCCC(CC(CCCCC)O)O
2,3-Dibenzylbutyrolactone|C1C(C(C(=O)O1)CC2=CC=CC=C2)CC3=CC=CC=C3
2-Hexen-1-OL|CCCC=CCO
beta-Asarone|CC=CC1=CC(=C(C=C1OC)OC)OC
Tricosane-6,8-diol|CCCCCCCCCCCCCCCC(CC(CCCCC)O)O
Octacosane-6,8-diol|CCCCCCCCCCCCCCCCCCCCC(CC(CCCCC)O)O
Triacontane-6,8-diol|CCCCCCCCCCCCCCCCCCCCCCC(CC(CCCCC)O)O
Tritriacontane-6,8-diol|CCCCCCCCCCCCCCCCCCCCCCCCCC(CC(CCCCC)O)O
(6R*,8S*)-6,8-Tetratriacontanediol|CCCCCCCCCCCCCCCCCCCCCCCCCCC(CC(CCCCC)O)O
2,3-Dihydrobenzofuran|C1COC2=CC=CC=C21
2-Methoxy-4-vinylphenol|COC1=C(C=CC(=C1)C=C)O
2-Octenal|CCCCCC=CC=O
2-Methyl-2-butanol|CCC(C)(C)O
Corosolic acid|CC1CCC2(CCC3(C(=CCC4C3(CCC5C4(CC(C(C5(C)C)O)O)C)C)C2C1C)C)C(=O)O
(-)-beta-Chamigrene|CC1=CCC2(CC1)C(=C)CCCC2(C)C
epi-Globulol|CC1CCC2C1C3C(C3(C)C)CCC2(C)O
3-Hexen-2-one|CCC=CC(=O)C
(E)-5-Nonen-2-one|CCCC=CCCC(=O)C
Asiaticoside|CC1CCC2(CCC3(C(=CCC4C3(CCC5C4(CC(C(C5(C)CO)O)O)C)C)C2C1C)C)C(=O)OC6C(C(C(C(O6)COC7C(C(C(C(O7)CO)OC8C(C(C(C(O8)C)O)O)O)O)O)O)O)O
Asiatic acid|CC1CCC2(CCC3(C(=CCC4C3(CCC5C4(CC(C(C5(C)CO)O)O)C)C)C2C1C)C)C(=O)O
Asiaticoside A|CC1CCC2(CCC3(C(=CCC4C3(CC(C5C4(CC(C(C5(C)CO)O)O)C)O)C)C2C1C)C)C(=O)OC6C(C(C(C(O6)COC7C(C(C(C(O7)CO)OC8C(C(C(C(O8)C)O)O)O)O)O)O)O)O
Madecassic acid|CC1CCC2(CCC3(C(=CCC4C3(CC(C5C4(CC(C(C5(C)CO)O)O)C)O)C)C2C1C)C)C(=O)O
alpha-Chamigrene|CC1=CCC2(CC1)C(=CCCC2(C)C)C
quadranoside IV|CC1CCC2(CCC3(C(=CCC4C3(CCC5C4(CC(C(C5(C)CO)O)O)C)C)C2C1C)C)C(=O)OC6C(C(C(C(O6)CO)O)O)O
Isothankunic acid|CC1CCC2(CCC3(C(=CCC4C3(CC(C5(C4(CCC(C5(C)CO)O)C)O)O)C)C2C1C)C)C(=O)O
(2-Hydroxy-4,6-dimethoxyphenyl)-phenylmethanone|
Pomolic acid|CC1CCC2(CCC3(C(=CCC4C3(CCC5C4(CCC(C5(C)C)O)C)C)C2C1(C)O)C)C(=O)O
4-Methoxybenzaldehyde|COC1=CC=C(C=C1)C=O
Unii-CQ2F5O6yiy|CC1CCC2(CCC3(C(=CCC4C3(CC(C5C4(CC(C(C5(C)CO)O)O)C)O)C)C2C1C)C)C(=O)OC6C(C(C(C(O6)COC7C(C(C(C(O7)CO)OC8C(C(C(C(O8)C)O)O)O)O)O)O)O)O
