Tannic acid	Phytochemical name
Docosanol	Tannic acid
Afzelin	Docosanol
4-Hydroxycinnamic acid	Afzelin
beta-Sitosterol	4-Hydroxycinnamic acid
Stigmasterol	beta-Sitosterol
kaempferol 7-O-glucoside	Stigmasterol
D-Pinitol	kaempferol 7-O-glucoside
Bilobol	D-Pinitol
Proanthocyanidin	Bilobol
1'-OH-gamma-carotene glucoside/(Carotenoids B-G)	Proanthocyanidin
6-Hydroxykynurenic acid	1'-OH-gamma-carotene glucoside/(Carotenoids B-G)
Zeatin riboside	6-Hydroxykynurenic acid
beta-D-Xylopyranose	Zeatin riboside
D-Glucuronic Acid	beta-D-Xylopyranose
Kaempferol	D-Glucuronic Acid
Ginkgetin	Kaempferol
Acacetin	Ginkgetin
Quercetin	Acacetin
Apigenin	Quercetin
Bilobetin	Apigenin
Isoginkgetin	Bilobetin
Genkwanin	Isoginkgetin
Morin	Genkwanin
Myricetin	Morin
Sciadopitysin	Myricetin
Ginkgolic acid	Sciadopitysin
Amentoflavone	Ginkgolic acid
Ginkgolide A, analytical standard	Amentoflavone
(1S,3R,6R,7S,8S,10R,11R,12S,13S,16S,17R)-8-tert-butyl-6,12,17-trihydroxy-16-methyl-2,4,14,19-tetraoxahexacyclo[8.7.2.01,11.03,7.07,11.013,17]nonadecane-5,15,18-trione	Ginkgolide A, analytical standard
(1R,6R,7S,8S,9R,10S,11R,12R,13S,16S,17R)-8-tert-butyl-6,9,12,17-tetrahydroxy-16-methyl-2,4,14,19-tetraoxahexacyclo[8.7.2.01,11.03,7.07,11.013,17]nonadecane-5,15,18-trione	(1S,3R,6R,7S,8S,10R,11R,12S,13S,16S,17R)-8-tert-butyl-6,12,17-trihydroxy-16-methyl-2,4,14,19-tetraoxahexacyclo[8.7.2.01,11.03,7.07,11.013,17]nonadecane-5,15,18-trione
(1R,3S,6R,7R,8R,9S,10S,11S,13R,16R,17S)-8-tert-butyl-6,9,17-trihydroxy-16-methyl-2,4,14,19-tetraoxahexacyclo[8.7.2.01,11.03,7.07,11.013,17]nonadecane-5,15,18-trione	(1R,6R,7S,8S,9R,10S,11R,12R,13S,16S,17R)-8-tert-butyl-6,9,12,17-tetrahydroxy-16-methyl-2,4,14,19-tetraoxahexacyclo[8.7.2.01,11.03,7.07,11.013,17]nonadecane-5,15,18-trione
Shikimic acid	(1R,3S,6R,7R,8R,9S,10S,11S,13R,16R,17S)-8-tert-butyl-6,9,17-trihydroxy-16-methyl-2,4,14,19-tetraoxahexacyclo[8.7.2.01,11.03,7.07,11.013,17]nonadecane-5,15,18-trione
(-)-Bilobalide	Shikimic acid
Bilobalide	(-)-Bilobalide
Naringetol	Bilobalide
(2S,3R,4R)-2,3,4,5-tetrahydroxypentanal	Naringetol
Apigenin 7,4'-dimethyl ether	(2S,3R,4R)-2,3,4,5-tetrahydroxypentanal
Nicotiflorin	Apigenin 7,4'-dimethyl ether
D-Galactose	Nicotiflorin
Narcissin	D-Galactose
D-Glucose	Narcissin
5,7-dihydroxy-2-(4-hydroxy-3-methoxyphenyl)-4-oxo-4H-chromen-3-yl 6-O-(6-deoxy-alpha-D-mannopyranosyl)-beta-D-glucopyranoside	D-Glucose
Rutin	5,7-dihydroxy-2-(4-hydroxy-3-methoxyphenyl)-4-oxo-4H-chromen-3-yl 6-O-(6-deoxy-alpha-D-mannopyranosyl)-beta-D-glucopyranoside
L-Rhamnose	Rutin
Benzoic acid, 2,4-dihydroxy-6-tridecyl-	L-Rhamnose
(5S)-2-methyl-5-[5-(2-methylpropyl)furan-3-yl]cyclohex-2-en-1-one	Benzoic acid, 2,4-dihydroxy-6-tridecyl-
Cardanol	(5S)-2-methyl-5-[5-(2-methylpropyl)furan-3-yl]cyclohex-2-en-1-one
Myristic acid	Cardanol
Pyruvic acid	Myristic acid
Tetracosanoic acid	Pyruvic acid
Procyanidin	Tetracosanoic acid
4-CDP-2-C-methyl-D-erythritol	Procyanidin
Flavanone	4-CDP-2-C-methyl-D-erythritol
Chaetoglobosin U	Flavanone
Aromadendrin	Chaetoglobosin U
Flavylium	Aromadendrin
2,5-Diisopropyl-p-xylene	Flavylium
1-Hexadecanol	2,5-Diisopropyl-p-xylene
Diosgenin	1-Hexadecanol
Hyoscyamine	Diosgenin
Lanosterol	Quercetin
beta-Carotene	Hyoscyamine
Betaine	Rutin
Physalien	Kaempferol
beta-Cryptoxanthin	Lanosterol
Cinnamic acid	beta-Sitosterol
gamma-Aminobutyric acid	beta-Carotene
Withanolide Q	Betaine
Withanolide R	Physalien
Withanolide M	beta-Cryptoxanthin
Hygrine	Cinnamic acid
Withanolide D	gamma-Aminobutyric acid
Withaferin A	Withanolide Q
Withanolide E	Withanolide R
Withasomnine	Withanolide M
Withanolide G	Hygrine
Withanolide O	Withanolide D
27-Deoxy-14-hydroxywithaferin A	Withaferin A
Withanolide P	Withanolide E
27-Deoxywithaferin A	Withasomnine
Withanolide N	Withanolide G
Withanone	Withanolide O
17alpha-hydroxywithanolide D	27-Deoxy-14-hydroxywithaferin A
Pelletierine	Withanolide P
Withanolide S	27-Deoxywithaferin A
Withanolide C	Withanolide N
Withanolide L	Withanone
Withanolide H	17alpha-hydroxywithanolide D
Withanolide I	Pelletierine
Withanolide K	Withanolide S
(2R)-2-[(1S)-1-[(8R,9S,10R,13S,14R,17S)-14,17-dihydroxy-10,13-dimethyl-1-oxo-4,7,8,9,11,12,15,16-octahydrocyclopenta[a]phenanthren-17-yl]-1-hydroxyethyl]-4,5-dimethyl-2,3-dihydropyran-6-one	Withanolide C
Withanolide J	Withanolide L
Cuscohygrine	Withanolide H
Withasomidienone	Withanolide I
Somniferine	Withanolide K
Sitoindoside IX	(2R)-2-[(1S)-1-[(8R,9S,10R,13S,14R,17S)-14,17-dihydroxy-10,13-dimethyl-1-oxo-4,7,8,9,11,12,15,16-octahydrocyclopenta[a]phenanthren-17-yl]-1-hydroxyethyl]-4,5-dimethyl-2,3-dihydropyran-6-one
Nicotine	Withanolide J
Anahygrine	Cuscohygrine
Tropine	D-Glucose
4-Hydroxy-1,26-dioxo-5,6:22,26-diepoxyergosta-2,24-dien-27-yl 6-o-hexadecanoylhexopyranoside	Withasomidienone
Galactitol	Somniferine
Stearic acid	Sitoindoside IX
Palmitic acid	Nicotine
Oleic acid	Anahygrine
Linoleic acid	Tropine
withanolide A	4-Hydroxy-1,26-dioxo-5,6:22,26-diepoxyergosta-2,24-dien-27-yl 6-o-hexadecanoylhexopyranoside
Withanoside XI	Galactitol
Physagulin-d	beta-Sitosterol
WithanosideVIII	Myristic acid
Withanoside X	Stearic acid
Coagulin Q	Palmitic acid
17-alpha-hydroxywithanolide D	Oleic acid
Ashwagandhanolide	Linoleic acid
Hydrocortisone sodium succinate	withanolide A
Withanolide B	Withanoside XI
Stigmasterone	Physagulin-d
(3S,9S,10R,13R,14S,17R)-10,13-dimethyl-17-[(2S)-6-methyl-5-methylideneheptan-2-yl]-2,3,4,7,8,9,11,12,14,15,16,17-dodecahydro-1H-cyclopenta[a]phenanthren-3-ol	WithanosideVIII
Solasodine	Withanoside X
17-Isowithanolide E	Coagulin Q
(-)-Anaferine	17-alpha-hydroxywithanolide D
24-methylcholesta-5,23E-dien-3beta-ol	Ashwagandhanolide
24,25-dihydrowithanolide D	Hydrocortisone sodium succinate
24-Methyldesmosterol	Withanolide B
Viscosalactone B	Stigmasterone
24-Methyl-5-alpha-cholesta-8,24(28)-dien-3-beta-ol	(3S,9S,10R,13R,14S,17R)-10,13-dimethyl-17-[(2S)-6-methyl-5-methylideneheptan-2-yl]-2,3,4,7,8,9,11,12,14,15,16,17-dodecahydro-1H-cyclopenta[a]phenanthren-3-ol
2,3-Didehydrosomnifericin	Solasodine
Withanoside IV	17-Isowithanolide E
Withanoside VI	(-)-Anaferine
Hentriacontane	24-methylcholesta-5,23E-dien-3beta-ol
Octacosane	24,25-dihydrowithanolide D
Sominone	24-Methyldesmosterol
2,3-Dihydrowithaferin A	Viscosalactone B
Esculetin	24-Methyl-5-alpha-cholesta-8,24(28)-dien-3-beta-ol
Scopoletin	2,3-Didehydrosomnifericin
Fucosterol	Withanoside IV
Oleanolic acid	Withanoside VI
beta-Amyrin	Hentriacontane
Substance B	Octacosane
Ergosterol	Sominone
(1S,2S,4S,5R,10R,11S,14R,15R,18S)-5-hydroxy-15-[(1S)-1-[5-(hydroxymethyl)-4-methyl-6-oxo-2,3-dihydropyran-2-yl]ethyl]-10,14-dimethyl-3-oxapentacyclo[9.7.0.02,4.05,10.014,18]octadec-7-en-9-one	2,3-Dihydrowithaferin A
Daucosterol	Esculetin
Stigmasterol glucoside	Scopoletin
Bufotenine	Fucosterol
N,N-Dimethyl-5-methoxytryptamine	Oleanolic acid
Choline	gamma-Aminobutyric acid
Serotonin	beta-Amyrin
N,N-Dimethyltryptamine	Substance B
9H-Pyrido[3,4-B]indole	Ergosterol
Levodopa	(1S,2S,4S,5R,10R,11S,14R,15R,18S)-5-hydroxy-15-[(1S)-1-[5-(hydroxymethyl)-4-methyl-6-oxo-2,3-dihydropyran-2-yl]ethyl]-10,14-dimethyl-3-oxapentacyclo[9.7.0.02,4.05,10.014,18]octadec-7-en-9-one
Dopamine	Daucosterol
6-methoxy-1-methyl-9H-pyrido[3,4-b]indole	Stigmasterol
alpha-Amyrenyl acetate	Stigmasterol glucoside
Luteolin	Bufotenine
Ursolic acid	N,N-Dimethyl-5-methoxytryptamine
Betulinic acid	Choline
Tryptamine	Serotonin
Coumarin	N,N-Dimethyltryptamine
Arachidic acid	9H-Pyrido[3,4-B]indole
(9Z)-(12S,13R)-12,13-Epoxyoctadecenoic acid	Levodopa
Gallic acid	Dopamine
Sterol	6-methoxy-1-methyl-9H-pyrido[3,4-b]indole
Glutathione	alpha-Amyrenyl acetate
Genistein	Acacetin
Ascorbic acid	Luteolin
beta-Bisabolene	Ursolic acid
2-(4-Methylphenyl)propan-2-ol	Betulinic acid
Myrcene	beta-Sitosterol
alpha-Fenchene	Stigmasterol
gamma-Terpinene	Myristic acid
Bisacumol	Tryptamine
Curlone	Coumarin
p-Cymene	Stearic acid
Germacrone	Nicotine
Tricyclene	Palmitic acid
1-Methyl-4-(prop-1-en-2-yl)benzene	Arachidic acid
Eucalyptol	(9Z)-(12S,13R)-12,13-Epoxyoctadecenoic acid
Curcuphenol	Oleic acid
p-Mentha-1,3,8-triene	Gallic acid
alpha-Turmerone	Sterol
3-Carene	Glutathione
4-Carvomenthenol	Linoleic acid
2-Undecanone	Genistein
4-Isopropylbenzyl alcohol	Ascorbic acid
Terpinolene	beta-Bisabolene
alpha-Terpinene	2-(4-Methylphenyl)propan-2-ol
Geranyl acetate	Myrcene
beta-Farnesene	alpha-Fenchene
Zingiberene	gamma-Terpinene
Humulene	Bisacumol
Linalool	Curlone
alpha-Pinene	p-Cymene
beta-Pinene	Germacrone
alpha-Terpineol	Tricyclene
Sabinene	1-Methyl-4-(prop-1-en-2-yl)benzene
alpha-Curcumene	Eucalyptol
ar-Turmerone	Curcuphenol
3-(1,5-Dimethyl-4-hexenyl)-6-methylene-1-cyclohexene	p-Mentha-1,3,8-triene
(Z)-beta-Ocimene	alpha-Turmerone
alpha-Phellandrene	3-Carene
beta-Caryophyllene	4-Carvomenthenol
(E)-beta-ocimene	2-Undecanone
cis-alpha-Bergamotene	4-Isopropylbenzyl alcohol
Limonene	Terpinolene
Nerolidol	alpha-Terpinene
Ar-dihydro-turmerone	Geranyl acetate
2-Heptanol	beta-Farnesene
Myrtenol	Zingiberene
Carvacrol	Humulene
Elemicin	Linalool
Cinnamyl cinnamate	alpha-Pinene
(-)-beta-Curcumene	beta-Pinene
2-Decanol	alpha-Terpineol
Decanoic acid	Sabinene
Eugenol	alpha-Curcumene
Furanodienon	ar-Turmerone
(E)-Tagetenone	3-(1,5-Dimethyl-4-hexenyl)-6-methylene-1-cyclohexene
2-Heptanone	(Z)-beta-Ocimene
Geranyl formate	alpha-Phellandrene
Geranyl butyrate	beta-Caryophyllene
Safrole	(E)-beta-ocimene
1-Hexen-3-OL	cis-alpha-Bergamotene
Germacrene B	Limonene
2-Octanol	Nerolidol
Germacr-1(10)-ene-5,8-dione	Ar-dihydro-turmerone
Linalyl propionate	2-Heptanol
Myrtenal	Myrtenol
Thymol	Carvacrol
Methyleugenol	Elemicin
Linalyl acetate	Cinnamyl cinnamate
4'-Methylacetophenone	(-)-beta-Curcumene
Perilla ketone	2-Decanol
alpha-Guaiene	Decanoic acid
2-Nonanol	Eugenol
2-Nonanone	Furanodienon
(Z)-Methyl jasmonate	(E)-Tagetenone
cis-Carvotanacetol	2-Heptanone
Camphene hydrate	Geranyl formate
Heptyl salicylate	Geranyl butyrate
1-Undecanol	Safrole
2-(4-Methylphenyl)propan-1-ol	1-Hexen-3-OL
Geranyl hexanoate	Germacrene B
beta-Elemene	2-Octanol
1-Bisabolone	Germacr-1(10)-ene-5,8-dione
Curzerene	Linalyl propionate
Thymol acetate	Myrtenal
Toluene	Thymol
3-Buten-2-OL	Methyleugenol
5-Hydroxy-p-menth-6-en-2-one	Linalyl acetate
Tetradecane	4'-Methylacetophenone
beta-Eudesmol	Perilla ketone
(1R)-2-methyl-5-propan-2-ylbicyclo[3.1.0]hex-2-ene	alpha-Guaiene
Curzerenone	2-Nonanol
alpha-Selinene	2-Nonanone
(S,1Z,6Z)-8-Isopropyl-1-methyl-5-methylenecyclodeca-1,6-diene	(Z)-Methyl jasmonate
cis-3-Hexen-1-ol	cis-Carvotanacetol
d-Borneol	Camphene hydrate
Farnesol	Heptyl salicylate
cis-beta-Farnesene	1-Undecanol
alpha-Muurolene	2-(4-Methylphenyl)propan-1-ol
(+)-alpha-Cadinene	Geranyl hexanoate
Humulene epoxide II	beta-Elemene
Citral	1-Bisabolone
Neral	Curzerene
cis-3-Hexenyl acetate	Thymol acetate
alpha-Farnesene	Toluene
(E)-gamma-Bisabolene	3-Buten-2-OL
Cinnamaldehyde	5-Hydroxy-p-menth-6-en-2-one
10-epi-gamma-Eudesmol	Tetradecane
(+)-beta-Phellandrene	beta-Eudesmol
(-)-cis-Carveol	(1R)-2-methyl-5-propan-2-ylbicyclo[3.1.0]hex-2-ene
Camphor	Curzerenone
Carvone	alpha-Selinene
alpha-Fenchol	(S,1Z,6Z)-8-Isopropyl-1-methyl-5-methylenecyclodeca-1,6-diene
alpha-Bergamotene	cis-3-Hexen-1-ol
beta-Patchoulene	d-Borneol
tau-Cadinol	Farnesol
Levomenol	cis-beta-Farnesene
Caryophyllene oxide	alpha-Muurolene
trans-Sesquisabinene hydrate	(+)-alpha-Cadinene
2-Furanmethanol, 5-ethenyltetrahydro-alpha,alpha,5-trimethyl-, cis-	Humulene epoxide II
gamma-Elemene	Citral
3-Hydroxy-4,5,6-trimethoxyspiro[1H-indole-2(3H),1'(3'H)-[2H]isoindole]-3'-one	Neral
delta-Elemene	cis-3-Hexenyl acetate
Camphene	alpha-Farnesene
2-Cyclohexen-1-ol, 2-methyl-5-(1-methylethenyl)-, acetate, cis-	(E)-gamma-Bisabolene
cis-Nerolidol	Cinnamaldehyde
7-epi-cis-Sesquisabinene hydrate	10-epi-gamma-Eudesmol
Cedrelanol	(+)-beta-Phellandrene
6-Epi-beta-bisabolol	(-)-cis-Carveol
Geraniol	Camphor
trans-Linalool oxide	Carvone
Piperitone	alpha-Fenchol
(+)-cis-Sabinol	alpha-Bergamotene
Sabinyl acetate	beta-Patchoulene
2-Cyclohexen-1-ol, 1-methyl-4-(1-methylethyl)-, trans-	tau-Cadinol
Isobornyl acetate	Levomenol
Viridiflorol	Caryophyllene oxide
2-Hepten-4-one, 6-(2-hydroxy-4-methylphenyl)-2-methyl-	trans-Sesquisabinene hydrate
O-Cymene	2-Furanmethanol, 5-ethenyltetrahydro-alpha,alpha,5-trimethyl-, cis-
(1E)-1,7-bis(4-hydroxy-3-methoxyphenyl)hept-1-ene-3,5-dione	gamma-Elemene
Bicyclo(4.1.0)heptan-3-one, 1-methyl-4-(1-methylethylidene)-7-(3-oxobutyl)-, (1S,6R,7R)-	3-Hydroxy-4,5,6-trimethoxyspiro[1H-indole-2(3H),1'(3'H)-[2H]isoindole]-3'-one
2-Undecanol	delta-Elemene
Turmeronol A	Camphene
gamma-Terpineol	2-Cyclohexen-1-ol, 2-methyl-5-(1-methylethenyl)-, acetate, cis-
Humuladienone	cis-Nerolidol
Procurcumadiol	7-epi-cis-Sesquisabinene hydrate
(6Z)-6,10-dimethyl-3-propan-2-ylidenecyclodec-6-ene-1,4-dione	Cedrelanol
Curcumol	6-Epi-beta-bisabolol
Bisacurone	Geraniol
Sesquisabinene	trans-Linalool oxide
Tetradecanal	Piperitone
4,10-Epizedoarondiol	(+)-cis-Sabinol
Demethoxycurcumin	Sabinyl acetate
Piperine	2-Cyclohexen-1-ol, 1-methyl-4-(1-methylethyl)-, trans-
Epiprocurcumenol	Isobornyl acetate
Procurcumenol	Viridiflorol
Bisabolane	2-Hepten-4-one, 6-(2-hydroxy-4-methylphenyl)-2-methyl-
Bisdemethoxycurcumin	O-Cymene
Cholesterol	(1E)-1,7-bis(4-hydroxy-3-methoxyphenyl)hept-1-ene-3,5-dione
Cyclocurcumin	Bicyclo(4.1.0)heptan-3-one, 1-methyl-4-(1-methylethylidene)-7-(3-oxobutyl)-, (1S,6R,7R)-
(1S,2S,5S,8S)-2-methyl-6-methylidene-9-propan-2-ylidene-11-oxatricyclo[6.2.1.01,5]undecan-8-ol	2-Undecanol
2-(Hydroxymethyl)anthraquinone	Turmeronol A
Xanthorrhizol	gamma-Terpineol
Curcumin	Humuladienone
Linalyl isobutyrate	Procurcumadiol
Tridecane	(6Z)-6,10-dimethyl-3-propan-2-ylidenecyclodec-6-ene-1,4-dione
3,7(11)-Eudesmadiene	Curcumol
Isoledene	Bisacurone
Ethene;2-methoxyphenol;phenol;propanedial	Sesquisabinene
(+)-Curcumenol	Tetradecanal
Turmerol	4,10-Epizedoarondiol
delta-Curcumene	Demethoxycurcumin
Anethole	Piperine
Pulegone	Epiprocurcumenol
(+)-delta-Cadinene	Procurcumenol
Campesterol	Bisabolane
Isoprocurcumenol	Bisdemethoxycurcumin
(1E,4E)-1-(4-Hydroxy-3-methoxyphenyl)-5-(4-hydroxyphenyl)-1,4-pentadiene-3-one	Cholesterol
1,7-Bis(4-hydroxyphenyl)-1,4,6-heptatrien-3-one	Cyclocurcumin
Bisabola-3,10-diene-2-one	(1S,2S,5S,8S)-2-methyl-6-methylidene-9-propan-2-ylidene-11-oxatricyclo[6.2.1.01,5]undecan-8-ol
alpha-Atlantone	2-(Hydroxymethyl)anthraquinone
beta-Himachalene	Xanthorrhizol
Allo-Aromadendrene	Curcumin
trans-alpha-Bergamotene	Linalyl isobutyrate
(4S,5S)-Germacrone-4,5-epoxide	Tridecane
Butylated hydroxytoluene	3,7(11)-Eudesmadiene
2-Methylisoborneol	Isoledene
(1E,4E)-1,5-bis(4-hydroxy-3-methoxyphenyl)penta-1,4-dien-3-one	Ethene;2-methoxyphenol;phenol;propanedial
Tetrahydrobisdemethoxydiferuloylmethane	(+)-Curcumenol
Vitamin E	Turmerol
Oleoresin tumeric	delta-Curcumene
(20S)-Protopanaxadiol	Anethole
Protopanaxatriol	Pulegone
20(R)-Protopanaxatriol	(+)-delta-Cadinene
Ginsenoside rb1	Campesterol
Ginsenoside RG2	Isoprocurcumenol
Ginsenoside RG1	(1E,4E)-1-(4-Hydroxy-3-methoxyphenyl)-5-(4-hydroxyphenyl)-1,4-pentadiene-3-one
Ginsenoside rb3	1,7-Bis(4-hydroxyphenyl)-1,4,6-heptatrien-3-one
Ginsenoside Rc	Bisabola-3,10-diene-2-one
Ginsenoside Rh1	alpha-Atlantone
(3S,4S,5S,6R)-2-[(3R,4S,5S,6R)-2-[[(3S,6S,8R,9R,10R,12R,17S)-3,12-dihydroxy-4,4,8,10,14-pentamethyl-17-[(2S)-6-methyl-2-[(3R,4S,5S,6R)-3,4,5-trihydroxy-6-(hydroxymethyl)oxan-2-yl]oxyhept-5-en-2-yl]-2,3,5,6,7,9,11,12,13,15,16,17-dodecahydro-1H-cyclopenta[a]phenanthren-6-yl]oxy]-4,5-dihydroxy-6-(hydroxymethyl)oxan-3-yl]oxy-6-methyloxane-3,4,5-triol	beta-Himachalene
Gypenoside VIII	beta-Sitosterol
Ginsenoside Ro	Stigmasterol
Ginsenoside M7cd	Allo-Aromadendrene
Ginsenoside Rb2	trans-alpha-Bergamotene
(20R)-Ginsenoside Rg3	(4S,5S)-Germacrone-4,5-epoxide
1-Heptadecanol	Butylated hydroxytoluene
Ginsenoside Rg3	2-Methylisoborneol
20(S)-Ginsenoside Rh2	Ascorbic acid
Ginsenoside Rh2	(1E,4E)-1,5-bis(4-hydroxy-3-methoxyphenyl)penta-1,4-dien-3-one
20R-Ginsenoside Rg2	Tetrahydrobisdemethoxydiferuloylmethane
Ginsenoside-rgl	Vitamin E
Ginsenoside Rh3	Oleoresin tumeric
Methyl palmitate	(20S)-Protopanaxadiol
ginsenoside F2	Protopanaxatriol
alpha-Santalene	20(R)-Protopanaxatriol
Ginsenoside F3	Ginsenoside rb1
2-Heptadecanone	Ginsenoside RG2
Ginsenoside F1	Ginsenoside RG1
Pentadecane	Ginsenoside rb3
Ginsenoside-La	Ginsenoside Rc
beta-Gurjunene	Ginsenoside Rh1
Ginsenoside RG4	(3S,4S,5S,6R)-2-[(3R,4S,5S,6R)-2-[[(3S,6S,8R,9R,10R,12R,17S)-3,12-dihydroxy-4,4,8,10,14-pentamethyl-17-[(2S)-6-methyl-2-[(3R,4S,5S,6R)-3,4,5-trihydroxy-6-(hydroxymethyl)oxan-2-yl]oxyhept-5-en-2-yl]-2,3,5,6,7,9,11,12,13,15,16,17-dodecahydro-1H-cyclopenta[a]phenanthren-6-yl]oxy]-4,5-dihydroxy-6-(hydroxymethyl)oxan-3-yl]oxy-6-methyloxane-3,4,5-triol
Pseudoginsenoside FII	Gypenoside VIII
(20R)-Ginsenoside Rh1	Ginsenoside Ro
Eremophilene	Ginsenoside M7cd
Kaempferol 3-O-beta-D-glucosylgalactoside	Ginsenoside Rb2
2-Methyltetradecane	(20R)-Ginsenoside Rg3
Dammaran-3,6,12,20,25-pentol-6-O-rhamnopyranosyl-(1-2)-O-glucopyranoside	beta-Sitosterol
Trifolin	Daucosterol
1-Chloro-8-(3-heptyloxiran-2-yl)octa-4,6-diyne-2,3-diol	1-Heptadecanol
Panaxacol	Ginsenoside Rg3
(3S,9R,10R)-heptadeca-4,6-diyne-3,9,10-triol	20(S)-Ginsenoside Rh2
Ginsenoside Rd1	Ginsenoside Rh2
Sucrose	20R-Ginsenoside Rg2
Adenosine	Ginsenoside-rgl
Ginsenoside Rs3	Kaempferol
Senecrassidiol	Ginsenoside Rh3
Perlolyrine	Methyl palmitate
Octadecane	ginsenoside F2
Ginsenol	Palmitic acid
Bicyclogermacrene	alpha-Santalene
(-)-Germacrene A	Ginsenoside F3
(-)-Cyperene	2-Heptadecanone
gomisin N	Ginsenoside F1
L-(+)-Arabinose	alpha-Guaiene
2-sec-Butyl-3-methoxypyrazine	Pentadecane
Ginsenoside Rf	Ginsenoside-La
Trilinolein	beta-Gurjunene
2-Pentylfuran	beta-Elemene
beta-Panasinsene	Ginsenoside RG4
8-[(2R,3S)-3-hept-6-enyloxiran-2-yl]oct-1-en-4,6-diyn-3-yl acetate	Pseudoginsenoside FII
8-[(2R,3S)-3-heptyloxiran-2-yl]octa-4,6-diyn-3-yl acetate	(20R)-Ginsenoside Rh1
8-(3-heptyloxiran-2-yl)oct-1-en-4,6-diyn-3-yl (9E,12E)-octadeca-9,12-dienoate	Eremophilene
(3r)-8-[(2r,3s)-3-Heptyloxiran-2-yl]oct-1-ene-4,6-diyn-3-ol	Kaempferol 3-O-beta-D-glucosylgalactoside
Panaxynol linoleate	Humulene
(3S,5R,6S,8R,9R,10R,12R,13R,14R,17S)-4,4,8,10,14-pentamethyl-17-[(2R)-2,6,6-trimethyloxan-2-yl]-2,3,5,6,7,9,11,12,13,15,16,17-dodecahydro-1H-cyclopenta[a]phenanthrene-3,6,12-triol	2-Methyltetradecane
Panaxadiol	Dammaran-3,6,12,20,25-pentol-6-O-rhamnopyranosyl-(1-2)-O-glucopyranoside
Maltol	beta-Caryophyllene
(2S,3R,4R,5S,6S)-2-(hydroxymethyl)-6-(((2S,3R,4R,5S,6R)-3,4,5-trihydroxy-6-(((4aR,8aS)-4-isopropyl-1,7-dimethyl-1,2,3,4,4a,5,8,8a-octahydronaphthalen-1-yl)oxy)tetrahydro-2H-pyran-2-yl)methoxy)tetrahydro-2H-pyran-3,4,5-triol	Trifolin
Panaxytriol	1-Chloro-8-(3-heptyloxiran-2-yl)octa-4,6-diyne-2,3-diol
Spathulenol	Panaxacol
Ginsenoyne A	(3S,9R,10R)-heptadeca-4,6-diyne-3,9,10-triol
Ginsenoyne A linoleate	Ginsenoside Rd1
Ginsenoyne C	Sucrose
Ginsenoyne E	Adenosine
(4E)-8-[(2R,3S)-3-heptyloxiran-2-yl]octa-1,4-dien-6-yn-3-ol	Ginsenoside Rs3
Ginsenoside Ra1	Senecrassidiol
Ginsenoyne K	Perlolyrine
Ginsenoside Ra2	Octadecane
n9-Formylharman	Ginsenol
Tetracosane	Bicyclogermacrene
Nonadecane	(-)-Germacrene A
Docosane	(-)-Cyperene
Pentacosane	gomisin N
Heneicosane	L-(+)-Arabinose
Tricosane	Stearic acid
Ethyl palmitate	2-sec-Butyl-3-methoxypyrazine
(1aR,7R,7aR,7bS)-1,1,7,7a-tetramethyl-2,3,5,6,7,7b-hexahydro-1aH-cyclopropa[a]naphthalene	Ginsenoside Rf
Besigomsin	Trilinolein
Ginsenoyne J	2-Pentylfuran
Malonylginsenoside Rb(1)	beta-Panasinsene
Malonyl ginsenoside Rd	8-[(2R,3S)-3-hept-6-enyloxiran-2-yl]oct-1-en-4,6-diyn-3-yl acetate
(1S,6S,7R)-2,6,8,8-Tetramethyltricyclo[5.2.2.01,6]undec-2-ene	8-[(2R,3S)-3-heptyloxiran-2-yl]octa-4,6-diyn-3-yl acetate
Spinacine	8-(3-heptyloxiran-2-yl)oct-1-en-4,6-diyn-3-yl (9E,12E)-octadeca-9,12-dienoate
Malonyl ginsenoside Rb2	(3r)-8-[(2r,3s)-3-Heptyloxiran-2-yl]oct-1-ene-4,6-diyn-3-ol
Falcarinol	Panaxynol linoleate
(+)-gamma-Cadinene	(3S,5R,6S,8R,9R,10R,12R,13R,14R,17S)-4,4,8,10,14-pentamethyl-17-[(2R)-2,6,6-trimethyloxan-2-yl]-2,3,5,6,7,9,11,12,13,15,16,17-dodecahydro-1H-cyclopenta[a]phenanthrene-3,6,12-triol
1,8-Heptadecadiene-4,6-diyne-3,10-diol	Panaxadiol
(2aS,4aR)-2,2,4a,8-tetramethyl-2a,3,4,5,6,7-hexahydro-1H-cyclobuta[i]inden-8-ol	Maltol
beta-Neoclovene	(2S,3R,4R,5S,6S)-2-(hydroxymethyl)-6-(((2S,3R,4R,5S,6R)-3,4,5-trihydroxy-6-(((4aR,8aS)-4-isopropyl-1,7-dimethyl-1,2,3,4,4a,5,8,8a-octahydronaphthalen-1-yl)oxy)tetrahydro-2H-pyran-2-yl)methoxy)tetrahydro-2H-pyran-3,4,5-triol
Linolenic acid	Panaxytriol
Ginsenoyne B	Spathulenol
Ginsenoyne H	Ginsenoyne A
3-sec-Butyl-2-methoxy-5-methylpyrazine	Ginsenoyne A linoleate
(-)-Globulol	Ginsenoyne C
beta-Selinene	Ginsenoyne E
(E)-2-epi-beta-caryophyllene	(4E)-8-[(2R,3S)-3-heptyloxiran-2-yl]octa-1,4-dien-6-yn-3-ol
Aromadendrene	Ginsenoside Ra1
D-Galacturonic Acid	Ginsenoyne K
Isointermedeol	Ginsenoside Ra2
Ledol	n9-Formylharman
Panasinsanol A	Tetracosane
T-Muurolol	Nonadecane
2-Heptylfuran	Docosane
20(R)-Ginsenoside Rh2	Pentacosane
D-Mannose	Heneicosane
Panaxydol chlorohydrin	Tricosane
13-Tetradecene-1,3-diyne-6,7-diol	Ethyl palmitate
Periplogenin	(1aR,7R,7aR,7bS)-1,1,7,7a-tetramethyl-2,3,5,6,7,7b-hexahydro-1aH-cyclopropa[a]naphthalene
Ubiquinone	Besigomsin
Spermidine	Ginsenoyne J
Spermine	Malonylginsenoside Rb(1)
Geniposide	Malonyl ginsenoside Rd
Syringic acid	(1S,6S,7R)-2,6,8,8-Tetramethyltricyclo[5.2.2.01,6]undec-2-ene
Resveratrol	Spinacine
Genipin	Malonyl ginsenoside Rb2
Ginsenoside-F5	Falcarinol
Gypenoside XVII	Humulene epoxide II
Capsaicin	(+)-gamma-Cadinene
(2S,3R,4S,5S,6R)-2-[(2R,3R,4S,5S,6R)-4,5-dihydroxy-2-[[(10R,12S,13R,14R,17R)-12-hydroxy-17-[(2S)-2-hydroxy-6-methylhept-5-en-2-yl]-4,4,10,14-tetramethyl-1,2,3,5,6,7,8,9,11,12,13,15,16,17-tetradecahydrocyclopenta[a]phenanthren-3-yl]oxy]-6-(hydroxymethyl)oxan-3-yl]oxy-4,6-bis(hydroxymethyl)oxane-3,5-diol	Oleanolic acid
Salidroside	(+)-delta-Cadinene
2-Acetylpyrrole	gamma-Aminobutyric acid
ginsenoside Rk1	1,8-Heptadecadiene-4,6-diyne-3,10-diol
Chikusetsusaponin iva	D-Galactose
Tetradecanoate	alpha-Pinene
(2S,3R,4S,5S,6R)-2-[(2S,3R,4S,5S,6R)-2-[(2S,3R,4S,6R)-2-[(2R,3R,4R,5R,6R)-6-[(1R,2S,3S,4R,5'R,6R,7S,8R,9S,12S,13S,15R,16R,18S)-3,15-dihydroxy-5',7,9,13-tetramethylspiro[5-oxapentacyclo[10.8.0.02,9.04,8.013,18]icosane-6,2'-oxane]-16-yl]oxy-4,5-dihydroxy-2-(hydroxymethyl)oxan-3-yl]oxy-5-hydroxy-6-(hydroxymethyl)-4-[(2S,3R,4S,5R)-3,4,5-trihydroxyoxan-2-yl]oxyoxan-3-yl]oxy-3,5-dihydroxy-6-(hydroxymethyl)oxan-4-yl]oxy-6-(hydroxymethyl)oxane-3,4,5-triol	beta-Pinene
2,5-Dimethyltridecane	(2aS,4aR)-2,2,4a,8-tetramethyl-2a,3,4,5,6,7-hexahydro-1H-cyclobuta[i]inden-8-ol
[(2R,3S,4S,5R,6S)-6-[(2R,3R,4S,5S,6R)-4,5-dihydroxy-2-[[(5R,10R,12S,14R)-12-hydroxy-17-[(2S)-2-hydroxy-6-methylhept-5-en-2-yl]-4,4,5,10,14-pentamethyl-2,3,6,7,8,9,11,12,13,15,16,17-dodecahydro-1H-cyclopenta[a]phenanthren-3-yl]oxy]-6-(hydroxymethyl)oxan-3-	beta-Neoclovene
(2S,3R,4S,5S,6R)-2-[(2R,3R,4S,5S,6R)-4,5-dihydroxy-2-[[12-hydroxy-17-(2-hydroxy-6-methylhept-5-en-2-yl)-4,4,8,10,14-pentamethyl-2,3,5,6,7,9,11,12,13,15,16,17-dodecahydro-1H-cyclopenta[a]phenanthren-3-yl]oxy]-6-(hydroxymethyl)oxan-3-yl]oxy-6-(hydroxymethyl)oxane-3,4,5-triol	Caryophyllene oxide
Digitoxigenin	Linolenic acid
3-Epidigitoxigenin	Ginsenoyne B
beta-Guaiene	Ginsenoyne H
Stearate	3-sec-Butyl-2-methoxy-5-methylpyrazine
Baicalin	(-)-Globulol
gamma-Patchoulene	beta-Selinene
Falcarindiol	(E)-2-epi-beta-caryophyllene
Morphine	Aromadendrene
Notoginsenoside R2	D-Glucose
Ginsenoside Rh4	D-Galacturonic Acid
Allantoin	Isointermedeol
Harman	Ledol
Acetal	Linoleic acid
Vincristine	Panasinsanol A
Squalene	L-Rhamnose
17alpha-(123I)-Iodovinyl-11beta-methoxyestradiol	T-Muurolol
Gynostemma Extract	2-Heptylfuran
Mayurone	Allo-Aromadendrene
1-Ethoxypentane	D-Glucuronic Acid
m-Xylene	20(R)-Ginsenoside Rh2
2,6-Diethylpyrazine	D-Mannose
Vanillic acid	Panaxydol chlorohydrin
Colchicoside	13-Tetradecene-1,3-diyne-6,7-diol
Rosavin	Myristic acid
2,3,3-Trimethyl-1,4-pentadiene	Periplogenin
Butyl ethyl ether	Ubiquinone
1-(11Z-icosenoyl)-2-(9Z,12Z-octadecadienoyl)-sn-glycero-3-phosphoethanolamine	Spermidine
Malonylginsenoside rc	Spermine
Dammarane	beta-Bisabolene
alpha-Panasinsene	Geniposide
Bullatine B	Syringic acid
Cobalt(3+);[(2R,3S,4R,5S)-5-(5,6-dimethylbenzimidazol-1-yl)-4-hydroxy-2-(hydroxymethyl)oxolan-3-yl] [(2R)-1-[3-[(1R,2R,3R,4Z,7S,9Z,12S,13S,14Z,17S,18S,19R)-2,13,18-tris(2-amino-2-oxoethyl)-7,12,17-tris(3-amino-3-oxopropyl)-3,5,8,8,13,15,18,19-octamethyl-2,7,12,17-tetrahydro-1H-corrin-21-id-3-yl]propanoylamino]propan-2-yl] phosphate;cyanide	Resveratrol
Salicylic acid	Genipin
Silibinin	Ginsenoside-F5
Mannitol	Gypenoside XVII
Sophoraflavonoloside	Capsaicin
Caffeic acid	(2S,3R,4S,5S,6R)-2-[(2R,3R,4S,5S,6R)-4,5-dihydroxy-2-[[(10R,12S,13R,14R,17R)-12-hydroxy-17-[(2S)-2-hydroxy-6-methylhept-5-en-2-yl]-4,4,10,14-tetramethyl-1,2,3,5,6,7,8,9,11,12,13,15,16,17-tetradecahydrocyclopenta[a]phenanthren-3-yl]oxy]-6-(hydroxymethyl)oxan-3-yl]oxy-4,6-bis(hydroxymethyl)oxane-3,5-diol
Ginsenosides	Salidroside
Dencichin	2-Acetylpyrrole
Glycyrrhizic acid	ginsenoside Rk1
Citric acid	Chikusetsusaponin iva
d-Tartaric acid	Tetradecanoate
Isovitexin	(2S,3R,4S,5S,6R)-2-[(2S,3R,4S,5S,6R)-2-[(2S,3R,4S,6R)-2-[(2R,3R,4R,5R,6R)-6-[(1R,2S,3S,4R,5'R,6R,7S,8R,9S,12S,13S,15R,16R,18S)-3,15-dihydroxy-5',7,9,13-tetramethylspiro[5-oxapentacyclo[10.8.0.02,9.04,8.013,18]icosane-6,2'-oxane]-16-yl]oxy-4,5-dihydroxy-2-(hydroxymethyl)oxan-3-yl]oxy-5-hydroxy-6-(hydroxymethyl)-4-[(2S,3R,4S,5R)-3,4,5-trihydroxyoxan-2-yl]oxyoxan-3-yl]oxy-3,5-dihydroxy-6-(hydroxymethyl)oxan-4-yl]oxy-6-(hydroxymethyl)oxane-3,4,5-triol
beta-Tocopherol	2,5-Dimethyltridecane
alpha-Carotene	[(2R,3S,4S,5R,6S)-6-[(2R,3R,4S,5S,6R)-4,5-dihydroxy-2-[[(5R,10R,12S,14R)-12-hydroxy-17-[(2S)-2-hydroxy-6-methylhept-5-en-2-yl]-4,4,5,10,14-pentamethyl-2,3,6,7,8,9,11,12,13,15,16,17-dodecahydro-1H-cyclopenta[a]phenanthren-3-yl]oxy]-6-(hydroxymethyl)oxan-3-
Vitexin	Butylated hydroxytoluene
Hetisinone	(2S,3R,4S,5S,6R)-2-[(2R,3R,4S,5S,6R)-4,5-dihydroxy-2-[[12-hydroxy-17-(2-hydroxy-6-methylhept-5-en-2-yl)-4,4,8,10,14-pentamethyl-2,3,5,6,7,9,11,12,13,15,16,17-dodecahydro-1H-cyclopenta[a]phenanthren-3-yl]oxy]-6-(hydroxymethyl)oxan-3-yl]oxy-6-(hydroxymethyl)oxane-3,4,5-triol
Vilmorrianone	Digitoxigenin
(1S,2R,3R,4S,5S,6S,8S,9S,10R,13S,16S,17R)-11-ethyl-6-methoxy-13-(methoxymethyl)-11-azahexacyclo[7.7.2.12,5.01,10.03,8.013,17]nonadecane-4,8,16-triol	3-Epidigitoxigenin
Delnudine	Withanolide D
[(1S,2R,3S,6S,9R,10S,11R,14R,17S,18R)-12-ethyl-17-methoxy-14-methyl-4-oxo-5-oxa-12-azahexacyclo[8.7.2.12,6.01,11.03,9.014,18]icosan-9-yl] acetate	beta-Guaiene
Lauric acid	Stearate
(1S,5R,8R,9R,10S,11R,13R,14S,15S,16R)-7-ethyl-5-methyl-12-methylidene-7-azahexacyclo[7.6.2.210,13.01,8.05,16.010,15]nonadecane-11,14-diol	Baicalin
Condelphine	gamma-Patchoulene
Panicutine	Falcarindiol
Palmitoleic acid	Morphine
beta-D-Glucose	Notoginsenoside R2
Theobromine	Ginsenoside Rh4
Theasinensin B	Allantoin
Octanal	Harman
Riboflavin	Acetal
Theasinensin A	Vincristine
6,10,14-Trimethylpentadecan-2-one	Squalene
Geranylacetone	17alpha-(123I)-Iodovinyl-11beta-methoxyestradiol
Xanthine	Gynostemma Extract
Benzyl Alcohol	Mayurone
Caffeine	1-Ethoxypentane
Methyl salicylate	m-Xylene
(2S,4R)-p-Mentha-1(7),8-dien-2-ol	2,6-Diethylpyrazine
cis-3-Hexenal	Vanillic acid
Typhasterol	Colchicoside
Teasterone	Rosavin
2-Decenal	Curcumin
Brassinolide	2,3,3-Trimethyl-1,4-pentadiene
Catechol	Butyl ethyl ether
Geranic acid	1-(11Z-icosenoyl)-2-(9Z,12Z-octadecadienoyl)-sn-glycero-3-phosphoethanolamine
Theaflavin monogallates	Eucalyptol
2,2,6-Trimethylcyclohexanone	Malonylginsenoside rc
2-Undecenal	Dammarane
Theophylline	alpha-Panasinsene
Benzoic acid, 3,4,5-trimethoxy-, diester with 1,8-bis(3,4-dihydro-3,5,7-trihydroxy-2H-1-benzopyran-2-yl)-3,4,6-trihydroxy-5H-benzocyclohepten-5-one	Bullatine B
2-Ethylhexanol	Cobalt(3+);[(2R,3S,4R,5S)-5-(5,6-dimethylbenzimidazol-1-yl)-4-hydroxy-2-(hydroxymethyl)oxolan-3-yl] [(2R)-1-[3-[(1R,2R,3R,4Z,7S,9Z,12S,13S,14Z,17S,18S,19R)-2,13,18-tris(2-amino-2-oxoethyl)-7,12,17-tris(3-amino-3-oxopropyl)-3,5,8,8,13,15,18,19-octamethyl-2,7,12,17-tetrahydro-1H-corrin-21-id-3-yl]propanoylamino]propan-2-yl] phosphate;cyanide
Angelic acid	Salicylic acid
Tiglic acid	beta-Eudesmol
2-Phenylethanol	9H-Pyrido[3,4-B]indole
Safranal	beta-Farnesene
beta-Ionone	Silibinin
1-Triacontanol	Mannitol
1-Decanol	Sophoraflavonoloside
Decanal	Caffeic acid
2-Methylpyrazine	Cinnamic acid
Hypoxanthine	4-Hydroxycinnamic acid
Furfural	Ginsenosides
Undecanal	beta-Patchoulene
1-Dodecanol	Dencichin
Pantothenic acid	Ergosterol
1-Hexanol	Camphene
Heptanal	Glycyrrhizic acid
Dodecanal	Citric acid
Nonan-1-ol	d-Tartaric acid
6-Methyl-5-hepten-2-one	Ascorbic acid
Hexanoic acid	Isovitexin
Nicotinic acid	Vitamin E
Oxalic acid	beta-Tocopherol
Phenylacetaldehyde	alpha-Carotene
1-Octanol	Vitexin
Inositol	Myristic acid
1-Heptanol	Hetisinone
beta-Cyclocitral	Vilmorrianone
Benzaldehyde	(1S,2R,3R,4S,5S,6S,8S,9S,10R,13S,16S,17R)-11-ethyl-6-methoxy-13-(methoxymethyl)-11-azahexacyclo[7.7.2.12,5.01,10.03,8.013,17]nonadecane-4,8,16-triol
Methyl 1-methoxy-1H-indole-3-carboxylate	Delnudine
Castasterone	[(1S,2R,3S,6S,9R,10S,11R,14R,17S,18R)-12-ethyl-17-methoxy-14-methyl-4-oxo-5-oxa-12-azahexacyclo[8.7.2.12,6.01,11.03,9.014,18]icosan-9-yl] acetate
Dextrin	Lauric acid
A1-Barrigenol	Decanoic acid
3-Hexenoic acid	Stearic acid
Epigallocatechin gallate	Cholesterol
Epigallocatechin	Palmitic acid
Diphenyl ether	(1S,5R,8R,9R,10S,11R,13R,14S,15S,16R)-7-ethyl-5-methyl-12-methylidene-7-azahexacyclo[7.6.2.210,13.01,8.05,16.010,15]nonadecane-11,14-diol
Valeric acid	Condelphine
Nonanoic acid	Panicutine
1,2-Dihydro-1,5,8-trimethylnaphthalene	Fucosterol
2-Hexyl-1-decanol	Palmitoleic acid
Theasapogenol B	Oleic acid
Dihydro-beta-ionol	Campesterol
Nerol	Linolenic acid
1,4,6-tri-O-galloyl-beta-D-glucose	beta-Sitosterol
Theasapogenol E	Daucosterol
Cianidanol	Stigmasterol
1-Isopropyl-4,7-dimethyl-1,3,4,5,6,8a-hexahydro-4a(2H)-naphthalenol	Linoleic acid
(-)-Epicatechin	Maltol
D-Xylose	beta-D-Glucose
10-Methylnonadecane	Theobromine
1-Dodecyne	Myristic acid
2,5-Octanedione	Theasinensin B
2-Methyloctan-1-ol	Octanal
p-Xylene	Riboflavin
Diisopentyl ether	Theasinensin A
3-Methyl-4-penten-1-ol acetate	6,10,14-Trimethylpentadecan-2-one
Cyclopentene, 1-heptyl-	Geranylacetone
3-Ethylcyclopentanone	Xanthine
3,3,4-Trimethylheptane	Benzyl Alcohol
3,5-Dimethyl-2-cyclohexen-1-one	Caffeine
2-Cyclohexyloctane	Methyl salicylate
2,3,3-Trimethyl-1-hexene	(2S,4R)-p-Mentha-1(7),8-dien-2-ol
4-Hexen-2-one	cis-3-Hexenal
4-(2,4,4-Trimethyl-cyclohexa-1,5-dienyl)-but-3-en-2-one	Typhasterol
Hexanoic acid, 4-hexen-1-yl ester	Teasterone
Heptadecenal	2-Decenal
(1-Methylbutyl)cyclohexane	Brassinolide
Henicosyl formate	Catechol
Propanoic acid, 2-methyl-, 3-hydroxy-2,4,4-trimethylpentyl ester	2-Heptanone
3,3-Dimethylhexanal	L-(+)-Arabinose
1-Ethyl-1H-pyrrole-2-carbaldehyde	D-Glucuronic Acid
1-Cyclohexen-1-ol, 2,6-dimethyl-, acetate	Kaempferol
L-Theanine	Geranic acid
Camelliaside B	Quercetin
(3R,4R,4aR,5R,6aR,6aS,6bR,8aR,9R,10S,12aR,14bS)-4a,9-bis(hydroxymethyl)-2,2,6a,6b,9,12a-hexamethyl-1,3,4,5,6,6a,7,8,8a,10,11,12,13,14b-tetradecahydropicene-3,4,5,10-tetrol	Apigenin
Kaempferol-3-O-(2'-O-beta-D-glucopyl)-beta-D-rutinoside	Theaflavin monogallates
alpha-Spinasterol	2,2,6-Trimethylcyclohexanone
Camelliaside C	2-Undecenal
Erucic acid	Theophylline
Gadoleic acid	Benzoic acid, 3,4,5-trimethoxy-, diester with 1,8-bis(3,4-dihydro-3,5,7-trihydroxy-2H-1-benzopyran-2-yl)-3,4,6-trihydroxy-5H-benzocyclohepten-5-one
Spinasterone	2-Ethylhexanol
[(2R,3R)-8-[(2S)-2-[(2R)-3,4-dihydroxy-5-oxo-2H-furan-2-yl]-2-hydroxyethoxy]-5,7-dihydroxy-2-(3,4,5-trihydroxyphenyl)-3,4-dihydro-2H-chromen-3-yl] 3,4,5-trihydroxybenzoate	Angelic acid
[(2R,3R)-2-[8-[5,7-dihydroxy-3-(3,4,5-trihydroxybenzoyl)oxy-3,4-dihydro-2H-chromen-2-yl]-3a,5,6-trihydroxy-3-oxo-8bH-cyclopenta[b][1]benzofuran-1-yl]-5,7-dihydroxy-3,4-dihydro-2H-chromen-3-yl] 3,4,5-trihydroxybenzoate	Tiglic acid
Epicatechin 3-O-(4-O-methylgallate)	2-Phenylethanol
Assamicain B	Safranal
Epicatechin 3-O-(3-O-methylgallate)	Ascorbic acid
Epiafzelechin 3-O-gallate	beta-Ionone
Theasinensin F	1-Triacontanol
Proanthocyanidin A-6	1-Decanol
Theasinensin C	Decanal
5H-Benzocyclohepten-5-one, 1,8-bis((2R,3R)-3,5,7-trihydroxy-2H-1-benzopyran-2-yl)-3,4,6-trihydroxy-	Methyl palmitate
Isoorientin	2-Methylpyrazine
Diphenylamine	Hypoxanthine
Vanillin	Furfural
Prodelphinidin A2 3'-gallate	Undecanal
1-(3,4,5-Trihydroxyphenyl)ethanone	1-Dodecanol
Sinapic acid	Pantothenic acid
Longifolene	1-Hexanol
Benzyl beta-d-glucopyranoside	Heptanal
Jasmine lactone	Dodecanal
Daidzein	Nonan-1-ol
Puerarin	Palmitic acid
Gallocatechin-(4alpha->8)-epigallocatechin	6-Methyl-5-hepten-2-one
Epigallocatechin-(4beta->8)-epicatechin-3-O-gallate ester	Hexanoic acid
Theaflagallin	Nicotinic acid
Epigallocatechin 3-O-cinnamate	Oxalic acid
Fisetin	Phenylacetaldehyde
Orientin	1-Octanol
2'-Hydroxygenistein	Inositol
Brassicasterol	1-Heptanol
1-[5,7-dihydroxy-3-(3,4,5-trihydroxybenzoyl)oxy-3,4-dihydro-2H-chromen-2-yl]-3,4,5-trihydroxy-6-oxobenzo[7]annulene-8-carboxylic acid	beta-Cyclocitral
Furaneol	Benzaldehyde
Longicyclene	Methyl 1-methoxy-1H-indole-3-carboxylate
Benzylamine	Castasterone
Camellianin A	Dextrin
Camellianin B	A1-Barrigenol
Theaflavic acid	4-Carvomenthenol
2-Methoxy-4-methylphenol	3-Hexenoic acid
Strictinin	Scopoletin
Inosine 5-monophosphate	alpha-Carotene
Dihydrochalcone	Epigallocatechin gallate
Delphinidin	Epigallocatechin
4-Ethyl-2-methoxyphenol	Caffeic acid
Cyanidin	Cinnamic acid
(+)-Gallocatechin-(4alpha->8)-(+)-catechin	4-Hydroxycinnamic acid
(+)-Catechin-(4alpha->8)-(-)-epigallocatechin	Gallic acid
3,3'-Digalloylprocyanidin B2	D-Galactose
5,7-dihydroxy-2-(4-hydroxyphenyl)-6-[(2R,3R,4R,5S,6R)-3,4,5-trihydroxy-6-(hydroxymethyl)oxan-2-yl]-8-[(2S,3R,4S,5S)-3,4,5-trihydroxyoxan-2-yl]chromen-4-one	Linalool
Guaiacol	Diphenyl ether
(-)-Gallocatechin gallate	Valeric acid
(+)-Gallocatechin	Nonanoic acid
Isoschaftoside	alpha-Terpineol
Chlorogenic acid	1,2-Dihydro-1,5,8-trimethylnaphthalene
(+)-epicatechin-3-O-gallate	2-Hexyl-1-decanol
(-)-Epicatechin gallate	Theasapogenol B
(-)-Epiafzelechin	Dihydro-beta-ionol
Denbufylline	Nerol
Propentofylline	Linolenic acid
Vicenin-2	2-Furanmethanol, 5-ethenyltetrahydro-alpha,alpha,5-trimethyl-, cis-
Theaflavin-3'-O-gallate	1,4,6-tri-O-galloyl-beta-D-glucose
Schottenol	Theasapogenol E
Gingerglycolipid B	Cianidanol
Gingerglycolipid A	1-Isopropyl-4,7-dimethyl-1,3,4,5,6,8a-hexahydro-4a(2H)-naphthalenol
3-Methylbutanal	Cedrelanol
Zingerone	(-)-Epicatechin
Gingerdiol	Geraniol
Bicyclo(3.1.0)hex-2-ene, 5-(1,5-dimethyl-4-hexenyl)-2-methyl-	trans-Linalool oxide
Isogingerenone B	Nerolidol
Gingerenone B	D-Xylose
Gingerenone A	10-Methylnonadecane
Shogaol	1-Dodecyne
1-(4-hydroxy-3-methoxyphenyl)-7-(4-hydroxyphenyl)-(4E)-4-hepten-3-one	2,5-Octanedione
Methyl-[12]-Gingediol	2-Methyloctan-1-ol
Heptane	p-Xylene
Zingiberenol	Diisopentyl ether
Gingerglycolipid C	3-Methyl-4-penten-1-ol acetate
Thymol methyl ether	Cyclopentene, 1-heptyl-
(-)-beta-Bourbonene	3-Ethylcyclopentanone
(1S,2R,5S)-2-isopropyl-5-methylcyclohexyl acetate	3,3,4-Trimethylheptane
Neomenthyl acetate	3,5-Dimethyl-2-cyclohexen-1-one
alpha,alpha-Dimethyl-4-methylenecyclohexanemethanol	2-Cyclohexyloctane
beta-Cubebene	2,3,3-Trimethyl-1-hexene
Viridiflorene	4-Hexen-2-one
Cyclosativene	4-(2,4,4-Trimethyl-cyclohexa-1,5-dienyl)-but-3-en-2-one
gamma-Muurolene	Hexanoic acid, 4-hexen-1-yl ester
(-)-7-Epi-alpha-selinene	Heptadecenal
Citronellal	(1-Methylbutyl)cyclohexane
Citronellol	Henicosyl formate
2-Methyl-6-methyleneocta-2,7-dien-4-ol	Propanoic acid, 2-methyl-, 3-hydroxy-2,4,4-trimethylpentyl ester
Menthofuran	3,3-Dimethylhexanal
(-)-Carvomenthone	1-Ethyl-1H-pyrrole-2-carbaldehyde
Bornyl acetate	1-Cyclohexen-1-ol, 2,6-dimethyl-, acetate
cis-Sabinene hydrate	L-Theanine
Menthol	Lauric acid
Menthone	Camelliaside B
alpha-Copaene	(3R,4R,4aR,5R,6aR,6aS,6bR,8aR,9R,10S,12aR,14bS)-4a,9-bis(hydroxymethyl)-2,2,6a,6b,9,12a-hexamethyl-1,3,4,5,6,6a,7,8,8a,10,11,12,13,14b-tetradecahydropicene-3,4,5,10-tetrol
alpha-Fenchyl alcohol	Stearic acid
Menthalactone, analytical standard	Kaempferol-3-O-(2'-O-beta-D-glucopyl)-beta-D-rutinoside
Myrcenol	alpha-Spinasterol
Thujyl alcohol	Camelliaside C
1,4-Cineole	Oleic acid
p-Menth-3-en-1-ol	Erucic acid
2-Hexanone	Gadoleic acid
Heptacosane	Linoleic acid
[10]-Gingerdione	Spinasterone
Undecane	Vitexin
Nonanal	[(2R,3R)-8-[(2S)-2-[(2R)-3,4-dihydroxy-5-oxo-2H-furan-2-yl]-2-hydroxyethoxy]-5,7-dihydroxy-2-(3,4,5-trihydroxyphenyl)-3,4-dihydro-2H-chromen-3-yl] 3,4,5-trihydroxybenzoate
Eudesm-7(11)-en-4-ol	Procyanidin
beta-Copaene	[(2R,3R)-2-[8-[5,7-dihydroxy-3-(3,4,5-trihydroxybenzoyl)oxy-3,4-dihydro-2H-chromen-2-yl]-3a,5,6-trihydroxy-3-oxo-8bH-cyclopenta[b][1]benzofuran-1-yl]-5,7-dihydroxy-3,4-dihydro-2H-chromen-3-yl] 3,4,5-trihydroxybenzoate
6-Gingerdiol	Epicatechin 3-O-(4-O-methylgallate)
7-Epi-sesquithujene	Assamicain B
(R)-4-Isopropylcyclohex-2-enone	Epicatechin 3-O-(3-O-methylgallate)
(+)-gamma-Gurjunene	Epiafzelechin 3-O-gallate
alpha-Santalol	Theasinensin F
Cinnamyl acetate	Proanthocyanidin A-6
Dehydrozingerone	Resveratrol
Seychellene	Theasinensin C
p-Mentha-1,5-dien-7-ol	5H-Benzocyclohepten-5-one, 1,8-bis((2R,3R)-3,5,7-trihydroxy-2H-1-benzopyran-2-yl)-3,4,6-trihydroxy-
Cinnamyl alcohol	Isoorientin
[6]-Gingerdiol 3,5-diacetate	Diphenylamine
(10)-Gingerol	Vanillin
1-Octen-3-OL	Prodelphinidin A2 3'-gallate
Gingerdione	1-(3,4,5-Trihydroxyphenyl)ethanone
Geranylgeraniol	Sinapic acid
Eudesmane	Longifolene
2-Pentanol	Benzyl beta-d-glucopyranoside
Citronellyl formate	Jasmine lactone
Geranyllinalool	Daidzein
Hexanal	Puerarin
Nerol oxide	Genistein
Geranyl tiglate	Luteolin
Hedycaryol	Gallocatechin-(4alpha->8)-epigallocatechin
Acetyleugenol	Epigallocatechin-(4beta->8)-epicatechin-3-O-gallate ester
Estragole	Theaflagallin
beta-Terpineol	Epigallocatechin 3-O-cinnamate
Eicosane	Fisetin
Furan, 3-methyl-2-(3-methyl-2-butenyl)-	Orientin
2-Methyl-3-buten-2-OL	2'-Hydroxygenistein
Phellandral	Brassicasterol
Paradol	1-[5,7-dihydroxy-3-(3,4,5-trihydroxybenzoyl)oxy-3,4-dihydro-2H-chromen-2-yl]-3,4,5-trihydroxy-6-oxobenzo[7]annulene-8-carboxylic acid
Citronellyl acetate	Furaneol
(Z)-beta-Ocimenol	Longicyclene
Cedr-8-en-13-ol	Benzylamine
(8)-Gingerdione	Camellianin A
[6]-Dehydrogingerdione	Camellianin B
4',6-Dichloroflavan	Theaflavic acid
Heptadecane	2-Methoxy-4-methylphenol
6-Gingesulfonic acid	Strictinin
Pentyl acetate	Inosine 5-monophosphate
Bulnesol	Dihydrochalcone
Verbenene	Delphinidin
Citronellyl propionate	4-Ethyl-2-methoxyphenol
Heptyl acetate	Isovitexin
beta-Calacorene	Vitamin E
p-Mentha-1,5-dien-8-ol	Cyanidin
Humulane-1,6-dien-3-ol	(+)-Gallocatechin-(4alpha->8)-(+)-catechin
Artesin[sesquiterpene]	(+)-Catechin-(4alpha->8)-(-)-epigallocatechin
6-Methylhept-5-en-2-ol	3,3'-Digalloylprocyanidin B2
Benzyl benzoate	5,7-dihydroxy-2-(4-hydroxyphenyl)-6-[(2R,3R,4R,5S,6R)-3,4,5-trihydroxy-6-(hydroxymethyl)oxan-2-yl]-8-[(2S,3R,4S,5S)-3,4,5-trihydroxyoxan-2-yl]chromen-4-one
Zingiberol	Guaiacol
(8)-Gingerol	Cobalt(3+);[(2R,3S,4R,5S)-5-(5,6-dimethylbenzimidazol-1-yl)-4-hydroxy-2-(hydroxymethyl)oxolan-3-yl] [(2R)-1-[3-[(1R,2R,3R,4Z,7S,9Z,12S,13S,14Z,17S,18S,19R)-2,13,18-tris(2-amino-2-oxoethyl)-7,12,17-tris(3-amino-3-oxopropyl)-3,5,8,8,13,15,18,19-octamethyl-2,7,12,17-tetrahydro-1H-corrin-21-id-3-yl]propanoylamino]propan-2-yl] phosphate;cyanide
(-)-alpha-Himachalene	cis-3-Hexen-1-ol
Thujopsene	(-)-Gallocatechin gallate
3-Methyl-2-pentanol	beta-Carotene
(4S)-1-Methyl-4-(prop-1-EN-2-YL)-7-oxabicyclo[4.1.0]heptane	(+)-Gallocatechin
Cadina-1,4-diene	Isoschaftoside
alpha-Terpinyl acetate	Chlorogenic acid
2-Hexenal	(+)-epicatechin-3-O-gallate
Germacra-1(10),5-dien-4-ol	(-)-Epicatechin gallate
alpha-Fenchyl acetate	(-)-Epiafzelechin
Gingerol	Denbufylline
cis,cis-Farnesol	Propentofylline
(E,Z)-farnesol	Campesterol
(2Z,6E)-Farnesol	Vicenin-2
Isoeugenol	Theaflavin-3'-O-gallate
Neryl acetate	beta-Sitosterol
alpha-Eudesmol	Stigmasterol
Methyl cinnamate	Rutin
alpha-Zingiberene	Schottenol
(Z)-gamma-bisabolene	Gingerglycolipid B
Elemol	Gingerglycolipid A
Valencene	3-Methylbutanal
beta-Thujone	Zingerone
(+)-alpha-Funebrene	Myrcene
gamma-Eudesmol	Gingerdiol
cis-Cinnamaldehyde	Bicyclo(3.1.0)hex-2-ene, 5-(1,5-dimethyl-4-hexenyl)-2-methyl-
Carveol	Isogingerenone B
o-Xylene	Gingerenone B
Dihydrocarveol	Gingerenone A
(1S,2S,6S,7R,8R)-1,3-dimethyl-8-propan-2-yltricyclo[4.4.0.02,7]dec-3-ene	Shogaol
p-Menthan-3-one	1-(4-hydroxy-3-methoxyphenyl)-7-(4-hydroxyphenyl)-(4E)-4-hepten-3-one
P-Mentha-2,8-dien-1-ol	Methyl-[12]-Gingediol
trans-Calamenene	Nonan-1-ol
(Z)-p-Menth-2-en-1-ol	Heptane
1-Methylene-4-(1-methylvinyl)cyclohexane	Zingiberenol
1,3,3-Trimethyl-2-oxabicyclo[2.2.2]octan-6-ol	Gingerglycolipid C
3,6-Octadienal, 3,7-dimethyl-	Geranyl acetate
2,6-Dimethylocta-3,7-diene-1,6-diol	Zingiberene
Farnesal	Citral
Zizanene	Neral
Cedr-8-ene	Linalool
Caswell No. 264AB	Sabinene
Cedrol	Nerol
Calamenene	alpha-Phellandrene
Nerolic acid	Geraniol
(S)-cis-Verbenol	Limonene
Copaene	Thymol methyl ether
Fenchol	Eugenol
Italicene	(-)-beta-Bourbonene
alpha-Muurolol	gamma-Terpinene
Rose oxide	2-Heptanone
gamma-Cadinene	(1S,2R,5S)-2-isopropyl-5-methylcyclohexyl acetate
trans-Verbenol	Neomenthyl acetate
(-)-Zingiberene	p-Cymene
3-Nonen-2-one	Myrtenal
1-endo-Bourbonanol	Thymol
gamma-Camphorene	Tricyclene
trans-beta-Sesquiphellandrol	alpha,alpha-Dimethyl-4-methylenecyclohexanemethanol
2-Methyl-6-(4-methylcyclohexa-1,3-dien-1-yl)hept-2-en-4-one	6-Methyl-5-hepten-2-one
(2E)-2-methyl-6-[(1S)-4-methylcyclohex-3-en-1-yl]hepta-2,6-dien-1-ol	beta-Cubebene
1,1-Dicyclopropylethylene	Viridiflorene
4,4-Dimethylpent-2-enal	1-Methyl-4-(prop-1-en-2-yl)benzene
1-Hydroxydecan-3-one	beta-Gurjunene
Phenyl propionate	Cyclosativene
Tetradecyl acrylate	Benzaldehyde
trans-beta-Bergamotene	Eucalyptol
Hexahydrocurcumin	beta-Elemene
omega-Cadinene	4-Carvomenthenol
2,5-Dimethylbenzoic acid	(1R)-2-methyl-5-propan-2-ylbicyclo[3.1.0]hex-2-ene
trans-2-Hepten-1-ol	alpha-Selinene
Dimethylionone	d-Borneol
(8)-Shogaol	Terpinolene
[10]-Shogaol	alpha-Terpinene
2-Ethyl-5-methylfuran	alpha-Muurolene
Tert-dodecylthiol	Humulene epoxide II
Zerumbone	Humulene
(5S)-5-hydroxy-1-(4-hydroxy-3-methoxyphenyl)octan-3-one	gamma-Muurolene
Zerumbodienone	(+)-gamma-Cadinene
1-Dehydro-10-gingerdione	alpha-Farnesene
Thiamine	Pulegone
Galanolactone	(-)-7-Epi-alpha-selinene
6-Hydroxyshogaol	(+)-delta-Cadinene
Angelicoidenol	Camphor
5-Hydroxy-1-(4-hydroxy-3-methoxyphenyl)undecan-3-one	alpha-Pinene
Octanoic acid	Citronellal
Pyrrolidine	Citronellol
Selina-4(15),7(11)-diene	beta-Pinene
1-(3,5-Dimethoxy-4-hydroxyphenyl)-7-(3-methoxy-4-hydroxyphenyl)-3,5-diacetoxyheptane	alpha-Terpineol
[4]-Gingerdiol 3,5-diacetate	2-Methyl-6-methyleneocta-2,7-dien-4-ol
1-(4-Hydroxy-3-methoxyphenyl)tetradecane-3,5-diol	alpha-Curcumene
Dehydro-10-gingerdione	Menthofuran
Cuparene	3-(1,5-Dimethyl-4-hexenyl)-6-methylene-1-cyclohexene
Cumene	Caryophyllene oxide
[5]-Gingerol	(Z)-beta-Ocimene
[12]-Gingerol	(-)-Carvomenthone
[2]-Gingerol	beta-Selinene
[3]-Gingerol	Aromadendrene
9-Gingerol	beta-Caryophyllene
(3S,5S)-1,7-Bis(3,4-dihydroxyphenyl)heptane-3,5-diol 3,5-diacetate	(E)-beta-ocimene
8-Isopropyl-2,5-dimethyl-1,2,3,4-tetrahydronaphthalene	Bornyl acetate
Pipecolic acid	Camphene
(+)-Borneol	cis-Sabinene hydrate
(+)-Camphene	Menthol
Raffinose	Menthone
D-Fructose	Piperitone
beta-D-glucosyl crocetin	alpha-Copaene
Neocrocin A	alpha-Fenchyl alcohol
2-Cyclohexene-1,4-dione, 2-hydroxy-3,5,5-trimethyl-	Allo-Aromadendrene
beta-D-gentiobiosyl crocetin	Menthalactone, analytical standard
2,2,6-Trimethylcyclohexane-1,4-dione	Myrcenol
Crocetin gentiobiosylglucosyl ester	2-Heptanol
Phytoene	Myrtenol
gamma-Carotene	Thujyl alcohol
Colchicine	beta-Bisabolene
Isophorone	1,4-Cineole
2,6,6-Trimethyl-2-cyclohexene-1,4-dione	Octanal
Picrocrocin	Carvacrol
Naphthalene	Elemicin
Crocetin	p-Menth-3-en-1-ol
Crocin	2-Hexanone
13-cis-Crocin	Heptacosane
2-Butenoic acid	Octadecane
Lycopene	[10]-Gingerdione
Hexadecane	2-(4-Methylphenyl)propan-2-ol
Petunidin	Undecane
Crocin-4	Sesquisabinene
Isoamyl alcohol	Nonanal
Isoamyl acetate	Eudesm-7(11)-en-4-ol
Crosatoside A	(-)-Germacrene A
Phenethyl acetate	beta-Copaene
Ethyl octanoate	6-Gingerdiol
crosatoside B	2-Decenal
Mangicrocin	7-Epi-sesquithujene
[(2R,3S,6S)-6-[2-(3,4-dihydroxyphenyl)-5,7-dihydroxy-4-oxochromen-3-yl]oxy-3,4,5-trihydroxyoxan-2-yl]methyl (E)-3-(4-hydroxyphenyl)prop-2-enoate	(R)-4-Isopropylcyclohex-2-enone
Astragalin	(+)-gamma-Gurjunene
Ferulic acid	alpha-Santalol
Dehydroascorbic acid	Geranyl formate
4-Phenyl-5-methoxyfuran-2(5H)-one	Cinnamyl acetate
4-Hydroxy-2,6,6-trimethyl-3-oxo-1,4-cyclohexadiene-1-carboxaldehyde	Longifolene
3,8-Dihydroxy-1-methylanthraquinone-2-carboxylic acid	Dehydrozingerone
(3S)-3-hydroxycyclocitral	Geranic acid
4-Hydroxy-3,5,5-trimethylcyclohex-2-enone	Seychellene
Dactylin	p-Mentha-1,5-dien-7-ol
Phytofluene	Cinnamyl alcohol
Xanthone	[6]-Gingerdiol 3,5-diacetate
Dicrocin	(10)-Gingerol
alpha-Crocetin	1-Octen-3-OL
Flavonol 3-O-D-glucoside	Gingerdione
Zeaxanthin	Geranylgeraniol
Thujone	Germacrene B
Skimmianine	2-Octanol
beta-Belladonnine	Curlone
Hyoscine	Eudesmane
Apoatropin	Longicyclene
Aposcopolamine	2-Pentanol
Atropine oxide	Citronellyl formate
Acetosyringone	Geranyllinalool
Acetovanillone	Linalyl propionate
Methyl vanillate	Hexanal
Nonacosane, 2,3-dimethyl-	Nerol oxide
Hyoscine N-oxide	Geranyl tiglate
6beta-Hydroxyhyoscyamine	Hedycaryol
Raceanisodamine	Methyleugenol
Cannabisin D	Acetyleugenol
1,24-Tetracosanediol diferulate	Estragole
Balanophonin	beta-Terpineol
Phytic acid	Eicosane
1,2-Dilinoleoyl-sn-glycerol	Decanal
Daturalactone 4	Linalyl acetate
Cannabisin G	4'-Methylacetophenone
Hyoscyamide	Undecanal
1-Stearoyl-sn-glycerol	Furan, 3-methyl-2-(3-methyl-2-butenyl)-
Cleomiscosin A	2-Methyl-3-buten-2-OL
3-Benzofurancarboxamide, 2,3-dihydro-2-(4-hydroxy-3-methoxyphenyl)-N-(2-(4-hydroxyphenyl)ethyl)-5-((1E)-3-((2-(4-hydroxyphenyl)ethyl)amino)-3-oxo-1-propenyl)-7-methoxy-, (2R,3R)-rel-	1-Hexanol
(2R,3R)-2-(4-hydroxy-3-methoxyphenyl)-3-(hydroxymethyl)-5-methoxy-2,3-dihydropyrano[3,2-h][1,4]benzodioxin-9-one	Dodecanal
Moupinamide	Phellandral
Hyosgerin	Paradol
Pongamoside D	(2S,3R,4R,5S,6S)-2-(hydroxymethyl)-6-(((2S,3R,4R,5S,6R)-3,4,5-trihydroxy-6-(((4aR,8aS)-4-isopropyl-1,7-dimethyl-1,2,3,4,4a,5,8,8a-octahydronaphthalen-1-yl)oxy)tetrahydro-2H-pyran-2-yl)methoxy)tetrahydro-2H-pyran-3,4,5-triol
Pongamoside C	Citronellyl acetate
Hyoscyamilactol	(Z)-beta-Ocimenol
Hyoscyamal	1-Octanol
16alpha-Acetoxyhyoscyamilactol	Cedr-8-en-13-ol
Scopoline	Spathulenol
Dimethylamine hydrochloride	(8)-Gingerdione
Cysteic Acid	[6]-Dehydrogingerdione
Î‘-phenylalanine	4',6-Dichloroflavan
Scopolin	alpha-Guaiene
Umbelliferone	Heptadecane
Triacontane	Nonadecane
Pentatriacontane	Docosane
Apigenin-7-o-glucuronide	Pentadecane
Bacopaside I	6-Gingesulfonic acid
Plantainoside B	Tricosane
Cynaroside	Pentyl acetate
Bacoside B	2-Nonanol
Bacoside A	2-Nonanone
Stigmastanol	Bulnesol
Dotriacontane	Verbenene
Jujubogenin	Camphene hydrate
Bacogenin a2	1-Heptanol
Bacogenin-a1	Citronellyl propionate
Pseudojujubogenin	Heptyl acetate
Strychnine	beta-Calacorene
Bacosine	p-Mentha-1,5-dien-8-ol
Bacoside A3	Humulane-1,6-dien-3-ol
Ebelin lactone	Artesin[sesquiterpene]
Nonacosane	6-Methylhept-5-en-2-ol
4-Hydroxy-2H-pyran-3-carboxaldehyde	Benzyl benzoate
Stigmastenol	Zingiberol
Apigenin 7-glucuronide	(8)-Gingerol
alpha-Bisabololbeta-D-fucopyranoside	(-)-alpha-Himachalene
Cartorimine	Thujopsene
Deca-4,6-diyn-1-yl 3-methylbutanoate	Toluene
Tracheloside	3-Methyl-2-pentanol
Tetracosenoic acid	3-Buten-2-OL
Hydroxysafflor Yellow A	Tetradecane
Stigmast-7-enol	(4S)-1-Methyl-4-(prop-1-EN-2-YL)-7-oxabicyclo[4.1.0]heptane
Cellobioside	3-Carene
1-Tridecene-3,5,7,9,11-pentayne	Cadina-1,4-diene
1-Pentadecene	alpha-Terpinyl acetate
Carthamone	2-Undecanone
Syringin	beta-Eudesmol
Safflor Yellow B	2-Hexenal
Safflor yellow a	Germacra-1(10),5-dien-4-ol
5-[(E)-[(3R,4R,5R)-3,4-dihydroxy-5-(hydroxymethyl)pyrrolidin-2-ylidene]-hydroxymethyl]-6-hydroxy-2-[(E)-1-hydroxy-3-(4-hydroxyphenyl)prop-2-enylidene]-6-[(2R,3R,4S,5S,6R)-3,4,5-trihydroxy-6-(hydroxymethyl)oxan-2-yl]cyclohex-4-ene-1,3-dione	alpha-Fenchyl acetate
Safflamin C	(S,1Z,6Z)-8-Isopropyl-1-methyl-5-methylenecyclodeca-1,6-diene
Quercetin-3,7-diglucoside	Gingerol
(2R,6Z)-6-[[(3Z,5S)-2,5-dihydroxy-3-[(E)-1-hydroxy-3-(4-hydroxyphenyl)prop-2-enylidene]-4,6-dioxo-5-[(2R,3R,4S,5S,6R)-3,4,5-trihydroxy-6-(hydroxymethyl)oxan-2-yl]cyclohexen-1-yl]methylidene]-2,5-dihydroxy-4-[(E)-3-(4-hydroxyphenyl)prop-2-enoyl]-2-[(2R,3R,	cis,cis-Farnesol
Scutellarein	(E,Z)-farnesol
Quercetin-3-glucoside	Farnesol
Matairesinol	(2Z,6E)-Farnesol
Serotobenine	Isoeugenol
Glycerol 1,2-di-(9Z-octadecenoate) 3-octadecanoate	Neryl acetate
1,2-Dilinoleoyl-3-palmitin	cis-beta-Farnesene
1,2-Dioleoyl-3-linoleoyl-rac-glycerol	beta-Farnesene
1,2-Dilinoleoyl-3-oleoyl-rac-glycerol	(+)-alpha-Cadinene
Neocarthamin	alpha-Eudesmol
(E)-1,11-Tridecadiene-3,5,7,9-tetrayne	Methyl cinnamate
1,8,11,14-Heptadecatetraene	alpha-Zingiberene
(Z,Z,Z)-Heptadeca-1,8,11,14-tetraene	(E)-gamma-Bisabolene
Moschamine	(Z)-gamma-bisabolene
Nb-p-Coumaroyltryptamine	Cinnamaldehyde
N-Coumaroyl serotonin	Elemol
1,3(E),5(Z),11(E)-Tridecatetraen-7,9-diyne	Valencene
1,3,11-Tridecatriene-5,7,9-triyne, (Z,E)-	beta-Thujone
beta-Maltose	(+)-alpha-Funebrene
alpha-Asarone	gamma-Eudesmol
3,4,5-Trimethoxytoluene	10-epi-gamma-Eudesmol
Glycerides, C14-18	(+)-beta-Phellandrene
Paeonol	(-)-cis-Carveol
D-erythro-Pentose, 2-deoxy-	cis-Cinnamaldehyde
(6R,8S)-hentriacontane-6,8-diol	Carveol
Heptacosane-6,8-diol	o-Xylene
Kinobeon A	Dihydrocarveol
Dotriacontane-6,8-diol	alpha-Fenchol
2-Heptenal	(1S,2S,6S,7R,8R)-1,3-dimethyl-8-propan-2-yltricyclo[4.4.0.02,7]dec-3-ene
2-Heptenal, (Z)-	p-Menthan-3-one
2,4-Decadienal	alpha-Bergamotene
2-Penten-1-OL	P-Mentha-2,8-dien-1-ol
(Z,Z)-1,3,11-Tridecatriene-5,7,9-triyne	ar-Turmerone
(Z)-1,3-Tridecadiene-5,7,9,11-tetrayne	Campesterol
Dehydrosafynol	tau-Cadinol
Tiglic aldehyde	Levomenol
trans-2-Pentenal	trans-Sesquisabinene hydrate
(2R,3E,11E)-trideca-3,11-dien-5,7,9-triyne-1,2-diol	trans-Calamenene
Pentacosane-6,8-diol	2-Furanmethanol, 5-ethenyltetrahydro-alpha,alpha,5-trimethyl-, cis-
Pentanal	gamma-Elemene
Corbisterol	delta-Elemene
Nonacosane-6,8-diol	(Z)-p-Menth-2-en-1-ol
2,3-Dibenzylbutyrolactone	1-Methylene-4-(1-methylvinyl)cyclohexane
2-Hexen-1-OL	1,3,3-Trimethyl-2-oxabicyclo[2.2.2]octan-6-ol
beta-Asarone	3,6-Octadienal, 3,7-dimethyl-
Tricosane-6,8-diol	2,6-Dimethylocta-3,7-diene-1,6-diol
Octacosane-6,8-diol	(-)-Globulol
Triacontane-6,8-diol	Farnesal
Tritriacontane-6,8-diol	Zizanene
(6R*,8S*)-6,8-Tetratriacontanediol	Cedr-8-ene
2,3-Dihydrobenzofuran	Caswell No. 264AB
2-Methoxy-4-vinylphenol	Cedrol
2-Octenal	cis-alpha-Bergamotene
2-Methyl-2-butanol	Calamenene
Corosolic acid	Nerolic acid
(-)-beta-Chamigrene	cis-Nerolidol
epi-Globulol	7-epi-cis-Sesquisabinene hydrate
3-Hexen-2-one	(S)-cis-Verbenol
(E)-5-Nonen-2-one	Copaene
Asiaticoside	1-Isopropyl-4,7-dimethyl-1,3,4,5,6,8a-hexahydro-4a(2H)-naphthalenol
Asiatic acid	Cedrelanol
Asiaticoside A	6-Epi-beta-bisabolol
Madecassic acid	Fenchol
alpha-Chamigrene	Italicene
quadranoside IV	trans-Linalool oxide
Isothankunic acid	alpha-Muurolol
(2-Hydroxy-4,6-dimethoxyphenyl)-phenylmethanone	Nerolidol
Pomolic acid	Rose oxide
4-Methoxybenzaldehyde	gamma-Cadinene
Unii-CQ2F5O6yiy	trans-Verbenol
Rosmarinic acid	(-)-Zingiberene
Ursolic acid lactone	3-Nonen-2-one
Anthrone	1-endo-Bourbonanol
(1S,2R,4aS,6aR,6aS,6bR,8R,8aR,10R,11R,12aR,14bS)-8,10,11-trihydroxy-1,2,6a,6b,9,9,12a-heptamethyl-2,3,4,5,6,6a,7,8,8a,10,11,12,13,14b-tetradecahydro-1H-picene-4a-carboxylic acid	gamma-Camphorene
Terminoloside	trans-beta-Sesquiphellandrol
Gulonic acid	2-Methyl-6-(4-methylcyclohexa-1,3-dien-1-yl)hept-2-en-4-one
Bayogenin	(2E)-2-methyl-6-[(1S)-4-methylcyclohex-3-en-1-yl]hepta-2,6-dien-1-ol
Cyclohexanecarboxylic acid, 3-[[3-(3,4-dihydroxyphenyl)-1-oxo-2-propenyl]oxy]-1,4,5-trihydroxy-, (1S,3R,4S,5R)-	Isobornyl acetate
Isoquercitrin	Viridiflorol
	trans-alpha-Bergamotene
	1,1-Dicyclopropylethylene
	4,4-Dimethylpent-2-enal
	1-Hydroxydecan-3-one
	Phenyl propionate
	Tetradecyl acrylate
	trans-beta-Bergamotene
	Hexahydrocurcumin
	omega-Cadinene
	2,5-Dimethylbenzoic acid
	trans-2-Hepten-1-ol
	Dimethylionone
	(8)-Shogaol
	[10]-Shogaol
	2-Ethyl-5-methylfuran
	Tert-dodecylthiol
	Zerumbone
	(5S)-5-hydroxy-1-(4-hydroxy-3-methoxyphenyl)octan-3-one
	Zerumbodienone
	1-Dehydro-10-gingerdione
	Thiamine
	Galanolactone
	6-Hydroxyshogaol
	Angelicoidenol
	Riboflavin
	5-Hydroxy-1-(4-hydroxy-3-methoxyphenyl)undecan-3-one
	Octanoic acid
	Pyrrolidine
	L-(+)-Arabinose
	Selina-4(15),7(11)-diene
	1-(3,5-Dimethoxy-4-hydroxyphenyl)-7-(3-methoxy-4-hydroxyphenyl)-3,5-diacetoxyheptane
	[4]-Gingerdiol 3,5-diacetate
	1-(4-Hydroxy-3-methoxyphenyl)tetradecane-3,5-diol
	Dehydro-10-gingerdione
	Ascorbic acid
	Cuparene
	Cumene
	Palmitic acid
	Nicotinic acid
	[5]-Gingerol
	[12]-Gingerol
	[2]-Gingerol
	[3]-Gingerol
	9-Gingerol
	(3S,5S)-1,7-Bis(3,4-dihydroxyphenyl)heptane-3,5-diol 3,5-diacetate
	8-Isopropyl-2,5-dimethyl-1,2,3,4-tetrahydronaphthalene
	Pipecolic acid
	alpha-Carotene
	(+)-Borneol
	gamma-Aminobutyric acid
	Sucrose
	(+)-Camphene
	Raffinose
	Oleoresin tumeric
	D-Glucose
	D-Fructose
	Riboflavin
	beta-D-glucosyl crocetin
	Neocrocin A
	2-Cyclohexene-1,4-dione, 2-hydroxy-3,5,5-trimethyl-
	beta-D-gentiobiosyl crocetin
	2,2,6-Trimethylcyclohexane-1,4-dione
	Crocetin gentiobiosylglucosyl ester
	Phytoene
	gamma-Carotene
	Stearic acid
	2-Phenylethanol
	Safranal
	Colchicine
	Isophorone
	Palmitic acid
	2,6,6-Trimethyl-2-cyclohexene-1,4-dione
	Picrocrocin
	Naphthalene
	Crocetin
	Salicylic acid
	Palmitoleic acid
	beta-Carotene
	Oleic acid
	Crocin
	Oleanolic acid
	13-cis-Crocin
	Ursolic acid
	2-Butenoic acid
	Campesterol
	Lycopene
	Linolenic acid
	beta-Sitosterol
	Stigmasterol
	Linoleic acid
	Thiamine
	Hexadecane
	Petunidin
	Crocin-4
	Benzyl Alcohol
	Isoamyl alcohol
	Isoamyl acetate
	Kaempferol
	Quercetin
	Crosatoside A
	Myricetin
	Phenethyl acetate
	Methyl palmitate
	Delphinidin
	Hexanoic acid
	Ethyl octanoate
	Tetracosane
	Heptadecane
	Pentadecane
	crosatoside B
	Ethyl palmitate
	Benzaldehyde
	Tetradecane
	Mangicrocin
	[(2R,3S,6S)-6-[2-(3,4-dihydroxyphenyl)-5,7-dihydroxy-4-oxochromen-3-yl]oxy-3,4,5-trihydroxyoxan-2-yl]methyl (E)-3-(4-hydroxyphenyl)prop-2-enoate
	Astragalin
	p-Xylene
	Ferulic acid
	Dehydroascorbic acid
	1'-OH-gamma-carotene glucoside/(Carotenoids B-G)
	4-Phenyl-5-methoxyfuran-2(5H)-one
	4-Hydroxy-2,6,6-trimethyl-3-oxo-1,4-cyclohexadiene-1-carboxaldehyde
	3,8-Dihydroxy-1-methylanthraquinone-2-carboxylic acid
	(3S)-3-hydroxycyclocitral
	Myrcene
	4-Hydroxy-3,5,5-trimethylcyclohex-2-enone
	p-Cymene
	Dactylin
	Phytofluene
	Xanthone
	Tricyclene
	Vitamin E
	Cyanidin
	Dicrocin
	Eucalyptol
	alpha-Crocetin
	Flavonol 3-O-D-glucoside
	3-Carene
	2-Undecanone
	(1R)-2-methyl-5-propan-2-ylbicyclo[3.1.0]hex-2-ene
	d-Borneol
	alpha-Carotene
	alpha-Terpinene
	Zeaxanthin
	Thujone
	Camphor
	Linalool
	alpha-Pinene
	beta-Pinene
	Sabinene
	Geraniol
	Limonene
	Skimmianine
	Tropine
	beta-Belladonnine
	Hyoscine
	Apoatropin
	Hyoscyamine
	Aposcopolamine
	Vanillin
	Atropine oxide
	Acetosyringone
	Acetovanillone
	Methyl vanillate
	Nonacosane, 2,3-dimethyl-
	Hyoscine N-oxide
	6beta-Hydroxyhyoscyamine
	Raceanisodamine
	Myristic acid
	Cannabisin D
	1,24-Tetracosanediol diferulate
	Stearic acid
	Balanophonin
	Vanillic acid
	Palmitic acid
	Phytic acid
	1,2-Dilinoleoyl-sn-glycerol
	Daturalactone 4
	Cannabisin G
	Hyoscyamide
	1-Stearoyl-sn-glycerol
	Cleomiscosin A
	3-Benzofurancarboxamide, 2,3-dihydro-2-(4-hydroxy-3-methoxyphenyl)-N-(2-(4-hydroxyphenyl)ethyl)-5-((1E)-3-((2-(4-hydroxyphenyl)ethyl)amino)-3-oxo-1-propenyl)-7-methoxy-, (2R,3R)-rel-
	(2R,3R)-2-(4-hydroxy-3-methoxyphenyl)-3-(hydroxymethyl)-5-methoxy-2,3-dihydropyrano[3,2-h][1,4]benzodioxin-9-one
	Oleic acid
	Moupinamide
	Cuscohygrine
	Hyosgerin
	Pongamoside D
	Pongamoside C
	Hyoscyamilactol
	Hyoscyamal
	16alpha-Acetoxyhyoscyamilactol
	beta-Sitosterol
	Daucosterol
	Linoleic acid
	Rutin
	Scopoline
	Dimethylamine hydrochloride
	Cysteic Acid
	Coumarin
	Choline
	Ascorbic acid
	Î‘-phenylalanine
	Esculetin
	Chlorogenic acid
	gamma-Aminobutyric acid
	Scopolin
	Betaine
	Stearic acid
	Umbelliferone
	Triacontane
	Pentatriacontane
	Scopoletin
	Oleic acid
	Sterol
	beta-Sitosterol
	Linoleic acid
	Epigallocatechin gallate
	Ascorbic acid
	Nicotinic acid
	Apigenin-7-o-glucuronide
	Bacopaside I
	Luteolin
	Apigenin
	Nicotine
	Plantainoside B
	Cynaroside
	Betulinic acid
	Bacoside B
	Bacoside A
	beta-Sitosterol
	Stigmasterol
	Stigmastanol
	Dotriacontane
	Jujubogenin
	Heptacosane
	Bacogenin a2
	Bacogenin-a1
	Pseudojujubogenin
	L-(+)-Arabinose
	Strychnine
	Bacosine
	Bacoside A3
	Ebelin lactone
	Hentriacontane
	Triacontane
	Octacosane
	Nonacosane
	4-Hydroxy-2H-pyran-3-carboxaldehyde
	Stigmastenol
	Apigenin 7-glucuronide
	Mannitol
	D-Glucose
	alpha-Bisabololbeta-D-fucopyranoside
	Cartorimine
	Deca-4,6-diyn-1-yl 3-methylbutanoate
	Trilinolein
	Tracheloside
	Tetracosenoic acid
	Vitamin E
	Hydroxysafflor Yellow A
	Stigmast-7-enol
	Myristic acid
	Cellobioside
	1-Tridecene-3,5,7,9,11-pentayne
	Lauric acid
	1-Pentadecene
	L-(+)-Arabinose
	Quercetin
	Carthamone
	Stearic acid
	Luteolin
	Apigenin
	Syringin
	Palmitic acid
	Nonacosane
	Safflor Yellow B
	Safflor yellow a
	5-[(E)-[(3R,4R,5R)-3,4-dihydroxy-5-(hydroxymethyl)pyrrolidin-2-ylidene]-hydroxymethyl]-6-hydroxy-2-[(E)-1-hydroxy-3-(4-hydroxyphenyl)prop-2-enylidene]-6-[(2R,3R,4S,5S,6R)-3,4,5-trihydroxy-6-(hydroxymethyl)oxan-2-yl]cyclohex-4-ene-1,3-dione
	Safflamin C
	Quercetin-3,7-diglucoside
	(2R,6Z)-6-[[(3Z,5S)-2,5-dihydroxy-3-[(E)-1-hydroxy-3-(4-hydroxyphenyl)prop-2-enylidene]-4,6-dioxo-5-[(2R,3R,4S,5S,6R)-3,4,5-trihydroxy-6-(hydroxymethyl)oxan-2-yl]cyclohexen-1-yl]methylidene]-2,5-dihydroxy-4-[(E)-3-(4-hydroxyphenyl)prop-2-enoyl]-2-[(2R,3R,
	Cynaroside
	Oleic acid
	Caffeic acid
	4-Hydroxycinnamic acid
	Nicotiflorin
	Scutellarein
	Quercetin-3-glucoside
	Astragalin
	beta-Sitosterol
	Daucosterol
	Rutin
	L-Rhamnose
	D-Xylose
	Matairesinol
	Tryptamine
	Serotobenine
	Acacetin
	Cholesterol
	Glycerol 1,2-di-(9Z-octadecenoate) 3-octadecanoate
	1,2-Dilinoleoyl-3-palmitin
	1,2-Dioleoyl-3-linoleoyl-rac-glycerol
	1,2-Dilinoleoyl-3-oleoyl-rac-glycerol
	Campesterol
	Neocarthamin
	(E)-1,11-Tridecadiene-3,5,7,9-tetrayne
	1,8,11,14-Heptadecatetraene
	(Z,Z,Z)-Heptadeca-1,8,11,14-tetraene
	Moschamine
	Nb-p-Coumaroyltryptamine
	N-Coumaroyl serotonin
	Arachidic acid
	1,3(E),5(Z),11(E)-Tridecatetraen-7,9-diyne
	1,3,11-Tridecatriene-5,7,9-triyne, (Z,E)-
	Palmitoleic acid
	beta-Carotene
	Raffinose
	Linolenic acid
	D-Glucose
	Linoleic acid
	beta-Maltose
	alpha-Asarone
	3,4,5-Trimethoxytoluene
	Glycerides, C14-18
	Paeonol
	D-erythro-Pentose, 2-deoxy-
	(6R,8S)-hentriacontane-6,8-diol
	Heptacosane-6,8-diol
	Kinobeon A
	Dotriacontane-6,8-diol
	2-Heptenal
	2-Heptenal, (Z)-
	2,4-Decadienal
	2-Penten-1-OL
	(Z,Z)-1,3,11-Tridecatriene-5,7,9-triyne
	2-Heptanone
	Kaempferol
	(Z)-1,3-Tridecadiene-5,7,9,11-tetrayne
	Dehydrosafynol
	Serotonin
	Tiglic aldehyde
	trans-2-Pentenal
	2-Ethylhexanol
	(2R,3E,11E)-trideca-3,11-dien-5,7,9-triyne-1,2-diol
	Pentacosane-6,8-diol
	Pentanal
	Corbisterol
	Nonacosane-6,8-diol
	2,3-Dibenzylbutyrolactone
	2-Hexenal
	beta-Farnesene
	2-Hexen-1-OL
	beta-Asarone
	Tricosane-6,8-diol
	Octacosane-6,8-diol
	Triacontane-6,8-diol
	Tritriacontane-6,8-diol
	(6R*,8S*)-6,8-Tetratriacontanediol
	Stigmasterol
	beta-Bisabolene
	2,3-Dihydrobenzofuran
	Myrcene
	2-Methoxy-4-vinylphenol
	2-Heptenal
	gamma-Terpinene
	2-Octenal
	Hexanal
	2-Methyl-2-butanol
	Corosolic acid
	m-Xylene
	Furfural
	Heptanal
	Pentanal
	(-)-beta-Chamigrene
	Toluene
	(S,1Z,6Z)-8-Isopropyl-1-methyl-5-methylenecyclodeca-1,6-diene
	Farnesol
	beta-Farnesene
	Humulene
	(+)-delta-Cadinene
	Linalool
	alpha-Pinene
	beta-Pinene
	alpha-Terpineol
	epi-Globulol
	3-(1,5-Dimethyl-4-hexenyl)-6-methylene-1-cyclohexene
	Nerol
	Caryophyllene oxide
	beta-Caryophyllene
	Camphene
	Geraniol
	Limonene
	Nerolidol
	3-Nonen-2-one
	3-Hexen-2-one
	(E)-5-Nonen-2-one
	Asiaticoside
	Asiatic acid
	Asiaticoside A
	Madecassic acid
	beta-Sitosterol
	alpha-Chamigrene
	quadranoside IV
	Thymol methyl ether
	Isothankunic acid
	(2-Hydroxy-4,6-dimethoxyphenyl)-phenylmethanone
	Pomolic acid
	4-Methoxybenzaldehyde
	L-(+)-Arabinose
	Unii-CQ2F5O6yiy
	Kaempferol
	Rosmarinic acid
	Quercetin
	Luteolin
	Apigenin
	Ursolic acid lactone
	Myricetin
	Ascorbic acid
	Anthrone
	(1S,2R,4aS,6aR,6aS,6bR,8R,8aR,10R,11R,12aR,14bS)-8,10,11-trihydroxy-1,2,6a,6b,9,9,12a-heptamethyl-2,3,4,5,6,6a,7,8,8a,10,11,12,13,14b-tetradecahydro-1H-picene-4a-carboxylic acid
	Cuparene
	Terminoloside
	Gulonic acid
	Dammarane
	alpha-Carotene
	Bayogenin
	alpha-Terpinene
	Oleic acid
	Chlorogenic acid
	Ursolic acid
	Cyclohexanecarboxylic acid, 3-[[3-(3,4-dihydroxyphenyl)-1-oxo-2-propenyl]oxy]-1,4,5-trihydroxy-, (1S,3R,4S,5R)-
	Betulinic acid
	Ginsenosides
	Campesterol
	Isoquercitrin
	Quercetin-3-glucoside
	Astragalin
	Stigmasterol
	D-Glucose
	L-Rhamnose
	alpha-Copaene